LoggedAt,MatchDate,HomeTeam,AwayTeam,PredHomeWin,PredDraw,PredAwayWin,PredictedResult,ActualResult,Correct,ModelVersion
2026-10-03 13:05:24,2026-10-09,Racing Club de Lens,Lyon,44.4,27.3,28.3,H,,,ensemble_v1
2026-10-03 13:05:24,2026-10-10,Lille,Le Havre,45.0,26.8,28.1,H,,,ensemble_v1
2026-10-03 13:05:24,2026-10-10,Brest,Angers,44.6,27.1,28.3,H,,,ensemble_v1
2026-10-03 13:05:24,2026-10-10,Lorient,Paris FC,44.3,26.8,28.9,H,,,ensemble_v1
2026-10-03 13:05:24,2026-10-10,Paris SG,Le Mans FC,44.9,27.5,27.6,H,,,ensemble_v1
2026-10-03 13:05:24,2026-10-10,Monaco,Toulouse,44.6,27.6,27.8,H,,,ensemble_v1
2026-10-03 13:05:24,2026-10-11,Nice,Strasbourg,44.8,26.7,28.4,H,,,ensemble_v1
2026-10-03 13:05:24,2026-10-11,Stade Rennais FC 1901,Auxerre,44.4,27.2,28.4,H,,,ensemble_v1
2026-10-03 13:05:24,2026-10-11,ES Troyes AC,Marseille,44.5,26.9,28.6,H,,,ensemble_v1
2026-10-03 13:05:24,2026-10-16,Le Mans FC,Toulouse,44.2,27.4,28.4,H,,,ensemble_v1
2026-10-03 13:05:24,2026-10-17,Strasbourg,Paris SG,45.3,26.6,28.1,H,,,ensemble_v1
2026-10-03 13:05:24,2026-10-17,ES Troyes AC,Racing Club de Lens,44.4,27.7,27.9,H,,,ensemble_v1
2026-10-03 13:05:24,2026-10-17,Lille,Brest,45.3,26.9,27.8,H,,,ensemble_v1
2026-10-03 13:05:24,2026-10-18,Angers,Marseille,44.7,26.9,28.4,H,,,ensemble_v1
2026-10-03 13:05:24,2026-10-18,Lorient,Monaco,44.6,26.8,28.6,H,,,ensemble_v1
2026-10-03 13:05:24,2026-10-18,Paris FC,Stade Rennais FC 1901,45.1,27.3,27.6,H,,,ensemble_v1
2026-10-03 13:05:24,2026-10-18,Le Havre,Auxerre,44.7,26.8,28.5,H,,,ensemble_v1
2026-10-03 13:05:24,2026-10-18,Lyon,Nice,45.5,27.1,27.4,H,,,ensemble_v1
2026-10-03 13:05:24,2026-10-23,Brest,Nice,44.2,27.7,28.1,H,,,ensemble_v1
2026-10-03 13:05:24,2026-10-24,Toulouse,ES Troyes AC,44.8,27.5,27.7,H,,,ensemble_v1
2026-10-03 13:05:24,2026-10-24,Racing Club de Lens,Paris FC,44.6,26.9,28.5,H,,,ensemble_v1
2026-10-03 13:05:24,2026-10-25,Monaco,Lille,44.7,27.3,27.9,H,,,ensemble_v1
2026-10-03 13:05:24,2026-10-25,Marseille,Le Havre,45.4,26.8,27.8,H,,,ensemble_v1
2026-10-03 13:05:24,2026-10-25,Stade Rennais FC 1901,Strasbourg,44.4,26.9,28.7,H,,,ensemble_v1
2026-10-03 13:05:24,2026-10-25,Angers,Lorient,44.5,27.0,28.5,H,,,ensemble_v1
2026-10-03 13:05:24,2026-10-25,Auxerre,Le Mans FC,44.8,27.5,27.6,H,,,ensemble_v1
2026-10-03 13:05:24,2026-10-25,Paris SG,Lyon,44.4,27.4,28.2,H,,,ensemble_v1
2026-10-03 13:05:24,2026-10-30,Le Havre,Paris SG,44.5,26.7,28.8,H,,,ensemble_v1
2026-10-03 13:05:24,2026-10-30,Lille,Racing Club de Lens,45.0,27.0,28.0,H,,,ensemble_v1
2026-10-03 13:05:24,2026-10-31,Nice,Stade Rennais FC 1901,44.8,27.3,27.9,H,,,ensemble_v1
2026-10-03 13:05:24,2026-10-31,Lyon,Angers,45.5,27.0,27.5,H,,,ensemble_v1
2026-10-03 13:05:24,2026-10-31,Lorient,Brest,44.5,27.4,28.1,H,,,ensemble_v1
2026-10-03 13:05:24,2026-10-31,ES Troyes AC,Le Mans FC,44.4,27.7,27.9,H,,,ensemble_v1
2026-10-03 13:05:24,2026-11-01,Strasbourg,Auxerre,45.3,27.0,27.7,H,,,ensemble_v1
2026-10-03 13:05:24,2026-11-01,Paris FC,Monaco,45.4,26.9,27.7,H,,,ensemble_v1
2026-10-03 13:05:24,2026-11-01,Marseille,Toulouse,45.1,26.9,28.0,H,,,ensemble_v1
2026-10-03 13:05:24,2026-11-06,Toulouse,Strasbourg,44.6,27.0,28.4,H,,,ensemble_v1
2026-10-03 13:05:24,2026-11-07,Auxerre,Paris FC,44.9,27.1,28.0,H,,,ensemble_v1
2026-10-03 13:05:24,2026-11-07,Paris SG,ES Troyes AC,44.9,27.5,27.6,H,,,ensemble_v1
2026-10-03 13:05:24,2026-11-08,Stade Rennais FC 1901,Lille,44.1,26.7,29.2,H,,,ensemble_v1
2026-10-03 13:05:24,2026-11-08,Le Mans FC,Monaco,44.7,27.1,28.2,H,,,ensemble_v1
2026-10-03 13:05:24,2026-11-08,Brest,Lyon,44.7,26.9,28.4,H,,,ensemble_v1
2026-10-03 13:05:24,2026-11-08,Le Havre,Lorient,44.9,27.0,28.1,H,,,ensemble_v1
2026-10-03 13:05:24,2026-11-08,Angers,Nice,44.5,27.4,28.2,H,,,ensemble_v1
2026-10-03 13:05:24,2026-11-08,Racing Club de Lens,Marseille,44.5,26.9,28.6,H,,,ensemble_v1
2026-10-03 13:05:24,2026-11-20,ES Troyes AC,Le Havre,44.3,27.5,28.2,H,,,ensemble_v1
2026-10-03 13:05:24,2026-11-21,Nice,Paris SG,45.0,26.8,28.2,H,,,ensemble_v1
2026-10-03 13:05:24,2026-11-21,Monaco,Auxerre,45.0,27.1,27.9,H,,,ensemble_v1
2026-10-03 13:05:24,2026-11-21,Racing Club de Lens,Toulouse,44.2,27.4,28.4,H,,,ensemble_v1
2026-10-03 13:05:24,2026-11-21,Lille,Lyon,44.6,26.8,28.6,H,,,ensemble_v1
2026-10-03 13:05:24,2026-11-21,Strasbourg,Brest,45.7,26.8,27.5,H,,,ensemble_v1
2026-10-03 13:05:24,2026-11-22,Paris FC,Angers,45.3,27.0,27.7,H,,,ensemble_v1
2026-10-03 13:05:24,2026-11-22,Lorient,Stade Rennais FC 1901,44.3,27.7,28.0,H,,,ensemble_v1
2026-10-03 13:05:24,2026-11-22,Marseille,Le Mans FC,45.7,26.9,27.5,H,,,ensemble_v1
2026-10-03 13:05:24,2026-11-27,Brest,Paris FC,44.7,26.9,28.4,H,,,ensemble_v1
2026-10-03 13:05:24,2026-11-28,Angers,Racing Club de Lens,44.8,27.1,28.1,H,,,ensemble_v1
2026-10-03 13:05:24,2026-11-28,Le Mans FC,Lille,44.1,26.7,29.2,H,,,ensemble_v1
2026-10-03 13:05:24,2026-11-28,Nice,ES Troyes AC,44.8,27.3,27.9,H,,,ensemble_v1
2026-10-03 13:05:24,2026-11-28,Le Havre,Strasbourg,44.9,26.6,28.5,H,,,ensemble_v1
2026-10-03 13:05:24,2026-11-28,Paris SG,Lorient,44.7,27.7,27.7,H,,,ensemble_v1
2026-10-03 13:05:24,2026-11-29,Auxerre,Marseille,44.7,27.0,28.2,H,,,ensemble_v1
2026-10-03 13:05:24,2026-11-29,Toulouse,Stade Rennais FC 1901,44.8,27.5,27.7,H,,,ensemble_v1
2026-10-03 13:05:24,2026-11-29,Lyon,Monaco,45.2,27.0,27.8,H,,,ensemble_v1
2026-10-03 13:05:24,2026-12-04,ES Troyes AC,Lyon,44.4,27.3,28.3,H,,,ensemble_v1
2026-10-03 13:05:24,2026-12-04,Monaco,Angers,45.3,27.1,27.7,H,,,ensemble_v1
2026-10-03 13:05:24,2026-12-04,Racing Club de Lens,Le Havre,44.3,27.5,28.2,H,,,ensemble_v1
2026-10-03 13:05:24,2026-12-04,Lille,Auxerre,44.9,26.7,28.4,H,,,ensemble_v1
2026-10-03 13:05:24,2026-12-04,Marseille,Nice,45.8,26.8,27.5,H,,,ensemble_v1
2026-10-03 13:05:24,2026-12-04,Stade Rennais FC 1901,Brest,44.5,27.5,27.9,H,,,ensemble_v1
2026-10-03 13:05:24,2026-12-04,Toulouse,Paris SG,44.3,26.7,29.0,H,,,ensemble_v1
2026-10-03 13:05:24,2026-12-04,Strasbourg,Lorient,45.2,27.2,27.6,H,,,ensemble_v1
2026-10-03 13:05:24,2026-12-04,Paris FC,Le Mans FC,45.1,27.3,27.6,H,,,ensemble_v1
2026-10-03 13:05:24,2026-12-11,Nice,Racing Club de Lens,44.8,27.3,27.9,H,,,ensemble_v1
2026-10-03 13:05:24,2026-12-11,Paris SG,Paris FC,44.5,27.6,27.9,H,,,ensemble_v1
2026-10-03 13:05:24,2026-12-11,Angers,Strasbourg,44.7,26.8,28.4,H,,,ensemble_v1
2026-10-03 13:05:24,2026-12-11,Brest,ES Troyes AC,44.7,27.3,28.0,H,,,ensemble_v1
2026-10-03 13:05:24,2026-12-11,Le Havre,Le Mans FC,45.0,27.1,27.9,H,,,ensemble_v1
2026-10-03 13:05:24,2026-12-11,Stade Rennais FC 1901,Monaco,44.7,27.1,28.2,H,,,ensemble_v1
2026-10-03 13:05:24,2026-12-11,Lorient,Lille,44.4,26.8,28.8,H,,,ensemble_v1
2026-10-03 13:05:24,2026-12-11,Auxerre,Toulouse,44.6,27.7,27.7,H,,,ensemble_v1
2026-10-03 13:05:24,2026-12-13,Lyon,Marseille,45.0,27.2,27.8,H,,,ensemble_v1
2026-10-03 13:05:24,2027-01-01,Le Mans FC,Lyon,44.4,27.3,28.3,H,,,ensemble_v1
2026-10-03 13:05:24,2027-01-01,Brest,Marseille,44.7,26.9,28.4,H,,,ensemble_v1
2026-10-03 13:05:24,2027-01-01,ES Troyes AC,Stade Rennais FC 1901,44.4,27.7,27.9,H,,,ensemble_v1
2026-10-03 13:05:24,2027-01-01,Toulouse,Angers,45.2,27.1,27.7,H,,,ensemble_v1
2026-10-03 13:05:24,2027-01-01,Monaco,Nice,45.1,27.5,27.4,H,,,ensemble_v1
2026-10-03 13:05:24,2027-01-01,Paris FC,Le Havre,45.1,27.1,27.8,H,,,ensemble_v1
2026-10-03 13:05:24,2027-01-01,Lorient,Auxerre,44.2,27.0,28.7,H,,,ensemble_v1
2026-10-03 13:05:24,2027-01-01,Lille,Strasbourg,44.6,26.7,28.8,H,,,ensemble_v1
2026-10-03 13:05:24,2027-01-03,Racing Club de Lens,Paris SG,44.2,26.7,29.1,H,,,ensemble_v1
2026-10-03 13:05:24,2027-01-15,Marseille,Lille,45.1,26.9,27.9,H,,,ensemble_v1
2026-10-03 13:05:24,2027-01-15,Lyon,Lorient,45.3,27.2,27.5,H,,,ensemble_v1
2026-10-03 13:05:24,2027-01-15,Paris FC,Toulouse,44.6,27.7,27.7,H,,,ensemble_v1
2026-10-03 13:05:24,2027-01-15,Stade Rennais FC 1901,Racing Club de Lens,44.4,27.7,27.9,H,,,ensemble_v1
2026-10-03 13:05:24,2027-01-15,Nice,Le Havre,44.5,27.3,28.1,H,,,ensemble_v1
2026-10-03 13:05:24,2027-01-15,Auxerre,ES Troyes AC,44.8,27.5,27.6,H,,,ensemble_v1
2026-10-03 13:05:24,2027-01-15,Strasbourg,Le Mans FC,45.5,27.1,27.4,H,,,ensemble_v1
2026-10-03 13:05:24,2027-01-15,Monaco,Brest,45.1,27.3,27.6,H,,,ensemble_v1
2026-10-03 13:05:24,2027-01-15,Angers,Paris SG,44.2,26.6,29.1,H,,,ensemble_v1
2026-10-03 13:05:24,2027-01-22,Le Havre,Stade Rennais FC 1901,45.0,27.1,27.9,H,,,ensemble_v1
2026-10-03 13:05:24,2027-01-22,Strasbourg,Lyon,44.8,27.1,28.1,H,,,ensemble_v1
2026-10-03 13:05:24,2027-01-22,Lille,Paris FC,45.0,26.8,28.1,H,,,ensemble_v1
2026-10-03 13:05:24,2027-01-22,Racing Club de Lens,Brest,44.5,27.5,27.9,H,,,ensemble_v1
2026-10-03 13:05:24,2027-01-22,Paris SG,Auxerre,44.6,27.5,27.9,H,,,ensemble_v1
2026-10-03 13:05:24,2027-01-22,ES Troyes AC,Monaco,44.7,27.1,28.2,H,,,ensemble_v1
2026-10-03 13:05:24,2027-01-22,Lorient,Marseille,44.4,26.8,28.8,H,,,ensemble_v1
2026-10-03 13:05:24,2027-01-22,Le Mans FC,Angers,44.6,27.3,28.1,H,,,ensemble_v1
2026-10-03 13:05:24,2027-01-22,Toulouse,Nice,44.4,27.9,27.7,H,,,ensemble_v1
2026-10-03 13:05:24,2027-01-29,Paris FC,Auxerre,44.8,27.0,28.1,H,,,ensemble_v1
2026-10-03 13:05:24,2027-01-29,Lyon,Lille,45.2,27.0,27.8,H,,,ensemble_v1
2026-10-03 13:05:24,2027-01-29,Stade Rennais FC 1901,Lorient,44.2,27.6,28.2,H,,,ensemble_v1
2026-10-03 13:05:24,2027-01-29,Le Mans FC,Nice,44.3,27.7,28.0,H,,,ensemble_v1
2026-10-03 13:05:24,2027-01-29,Marseille,ES Troyes AC,45.7,26.9,27.5,H,,,ensemble_v1
2026-10-03 13:05:24,2027-01-29,Angers,Le Havre,44.6,26.9,28.4,H,,,ensemble_v1
2026-10-03 13:05:24,2027-01-29,Brest,Strasbourg,44.8,26.7,28.4,H,,,ensemble_v1
2026-10-03 13:05:24,2027-01-29,Monaco,Paris SG,44.7,26.9,28.4,H,,,ensemble_v1
2026-10-03 13:05:24,2027-01-29,Toulouse,Racing Club de Lens,44.8,27.5,27.7,H,,,ensemble_v1
2026-10-03 13:05:24,2027-02-05,ES Troyes AC,Lille,44.1,26.7,29.2,H,,,ensemble_v1
2026-10-03 13:05:24,2027-02-05,Racing Club de Lens,Angers,44.6,27.3,28.1,H,,,ensemble_v1
2026-10-03 13:05:24,2027-02-05,Le Havre,Toulouse,44.7,26.9,28.4,H,,,ensemble_v1
2026-10-03 13:05:24,2027-02-05,Lorient,Le Mans FC,44.3,27.7,28.0,H,,,ensemble_v1
2026-10-03 13:05:24,2027-02-05,Nice,Brest,44.7,27.4,27.9,H,,,ensemble_v1
2026-10-03 13:05:24,2027-02-05,Stade Rennais FC 1901,Lyon,44.4,27.3,28.3,H,,,ensemble_v1
2026-10-03 13:05:24,2027-02-05,Strasbourg,Paris FC,45.2,27.0,27.8,H,,,ensemble_v1
2026-10-03 13:05:24,2027-02-05,Auxerre,Monaco,45.1,27.2,27.8,H,,,ensemble_v1
2026-10-03 13:05:24,2027-02-07,Paris SG,Marseille,44.6,27.3,28.1,H,,,ensemble_v1
2026-10-03 13:05:24,2027-02-12,Brest,Stade Rennais FC 1901,44.7,27.3,28.0,H,,,ensemble_v1
2026-10-03 13:05:24,2027-02-12,Paris FC,ES Troyes AC,45.1,27.3,27.6,H,,,ensemble_v1
2026-10-03 13:05:24,2027-02-12,Le Mans FC,Paris SG,44.2,26.7,29.1,H,,,ensemble_v1
2026-10-03 13:05:24,2027-02-12,Lorient,Le Havre,44.2,27.4,28.3,H,,,ensemble_v1
2026-10-03 13:05:24,2027-02-12,Auxerre,Strasbourg,44.8,27.2,28.0,H,,,ensemble_v1
2026-10-03 13:05:24,2027-02-12,Toulouse,Monaco,44.8,27.0,28.2,H,,,ensemble_v1
2026-10-03 13:05:24,2027-02-12,Marseille,Angers,46.0,26.5,27.5,H,,,ensemble_v1
2026-10-03 13:05:24,2027-02-12,Lille,Nice,45.0,26.9,28.1,H,,,ensemble_v1
2026-10-03 13:05:24,2027-02-12,Lyon,Racing Club de Lens,45.6,27.0,27.4,H,,,ensemble_v1
2026-10-03 13:05:24,2027-02-19,Angers,Paris FC,44.6,26.7,28.7,H,,,ensemble_v1
2026-10-03 13:05:24,2027-02-19,Stade Rennais FC 1901,Toulouse,44.2,27.4,28.4,H,,,ensemble_v1
2026-10-03 13:05:24,2027-02-19,Paris SG,Brest,45.4,27.2,27.5,H,,,ensemble_v1
2026-10-03 13:05:24,2027-02-19,Strasbourg,Marseille,45.2,27.0,27.8,H,,,ensemble_v1
2026-10-03 13:05:24,2027-02-19,Nice,Auxerre,44.4,27.1,28.5,H,,,ensemble_v1
2026-10-03 13:05:24,2027-02-19,Le Havre,Lyon,45.0,26.8,28.2,H,,,ensemble_v1
2026-10-03 13:05:24,2027-02-19,Monaco,Le Mans FC,45.2,27.4,27.4,H,,,ensemble_v1
2026-10-03 13:05:24,2027-02-19,Lille,Lorient,45.2,26.7,28.1,H,,,ensemble_v1
2026-10-03 13:05:24,2027-02-19,Racing Club de Lens,ES Troyes AC,44.4,27.7,27.9,H,,,ensemble_v1
2026-10-03 13:05:24,2027-02-26,Strasbourg,Le Havre,45.3,27.1,27.6,H,,,ensemble_v1
2026-10-03 13:05:24,2027-02-26,Auxerre,Lille,44.5,27.1,28.5,H,,,ensemble_v1
2026-10-03 13:05:24,2027-02-26,ES Troyes AC,Nice,44.3,27.7,28.0,H,,,ensemble_v1
2026-10-03 13:05:24,2027-02-26,Brest,Monaco,44.9,26.7,28.3,H,,,ensemble_v1
2026-10-03 13:05:24,2027-02-26,Lorient,Angers,44.4,27.1,28.4,H,,,ensemble_v1
2026-10-03 13:05:24,2027-02-26,Marseille,Stade Rennais FC 1901,45.7,26.9,27.5,H,,,ensemble_v1
2026-10-03 13:05:24,2027-02-26,Lyon,Toulouse,45.2,27.2,27.6,H,,,ensemble_v1
2026-10-03 13:05:24,2027-02-26,Le Mans FC,Paris FC,44.6,26.9,28.5,H,,,ensemble_v1
2026-10-03 13:05:24,2027-02-28,Paris SG,Racing Club de Lens,44.9,27.5,27.6,H,,,ensemble_v1
2026-10-03 13:05:24,2027-03-05,Le Havre,Nice,44.5,27.4,28.0,H,,,ensemble_v1
2026-10-03 13:05:24,2027-03-05,Paris SG,Stade Rennais FC 1901,44.9,27.5,27.6,H,,,ensemble_v1
2026-10-03 13:05:24,2027-03-05,Racing Club de Lens,Strasbourg,44.4,26.9,28.7,H,,,ensemble_v1
2026-10-03 13:05:24,2027-03-05,Toulouse,Le Mans FC,44.8,27.5,27.7,H,,,ensemble_v1
2026-10-03 13:05:24,2027-03-05,ES Troyes AC,Lorient,44.2,27.6,28.2,H,,,ensemble_v1
2026-10-03 13:05:24,2027-03-05,Angers,Auxerre,44.6,26.7,28.7,H,,,ensemble_v1
2026-10-03 13:05:24,2027-03-05,Monaco,Lyon,44.2,27.5,28.3,H,,,ensemble_v1
2026-10-03 13:05:24,2027-03-05,Paris FC,Brest,45.5,27.0,27.6,H,,,ensemble_v1
2026-10-03 13:05:24,2027-03-05,Lille,Marseille,44.9,26.8,28.3,H,,,ensemble_v1
2026-10-03 13:05:24,2027-03-12,Nice,Toulouse,44.7,27.5,27.9,H,,,ensemble_v1
2026-10-03 13:05:24,2027-03-12,Paris FC,Lorient,44.8,27.4,27.9,H,,,ensemble_v1
2026-10-03 13:05:24,2027-03-12,Strasbourg,Angers,45.6,26.8,27.6,H,,,ensemble_v1
2026-10-03 13:05:24,2027-03-12,Le Mans FC,Stade Rennais FC 1901,44.4,27.7,27.9,H,,,ensemble_v1
2026-10-03 13:05:24,2027-03-12,Brest,Lille,44.6,26.7,28.7,H,,,ensemble_v1
2026-10-03 13:05:24,2027-03-12,Le Havre,Racing Club de Lens,45.0,27.1,27.9,H,,,ensemble_v1
2026-10-03 13:05:24,2027-03-12,Marseille,Monaco,45.2,27.0,27.8,H,,,ensemble_v1
2026-10-03 13:05:24,2027-03-12,Auxerre,Paris SG,44.3,27.0,28.7,H,,,ensemble_v1
2026-10-03 13:05:24,2027-03-12,Lyon,ES Troyes AC,45.6,27.0,27.4,H,,,ensemble_v1
2026-10-03 13:05:24,2027-03-19,Angers,Le Mans FC,44.8,27.1,28.1,H,,,ensemble_v1
2026-10-03 13:05:24,2027-03-19,Toulouse,Brest,45.0,27.3,27.7,H,,,ensemble_v1
2026-10-03 13:05:24,2027-03-19,ES Troyes AC,Auxerre,44.4,27.2,28.4,H,,,ensemble_v1
2026-10-03 13:05:24,2027-03-19,Stade Rennais FC 1901,Paris FC,44.6,26.9,28.5,H,,,ensemble_v1
2026-10-03 13:05:24,2027-03-19,Monaco,Le Havre,45.2,27.2,27.6,H,,,ensemble_v1
2026-10-03 13:05:24,2027-03-19,Paris SG,Strasbourg,44.5,27.0,28.5,H,,,ensemble_v1
2026-10-03 13:05:24,2027-03-19,Racing Club de Lens,Lille,44.1,26.7,29.2,H,,,ensemble_v1
2026-10-03 13:05:24,2027-03-19,Lorient,Nice,44.2,27.7,28.1,H,,,ensemble_v1
2026-10-03 13:05:24,2027-03-21,Marseille,Lyon,44.9,27.2,27.9,H,,,ensemble_v1
2026-10-03 13:05:24,2027-04-02,Le Havre,ES Troyes AC,45.0,27.1,27.9,H,,,ensemble_v1
2026-10-03 13:05:24,2027-04-02,Angers,Monaco,45.1,26.8,28.2,H,,,ensemble_v1
2026-10-03 13:05:24,2027-04-02,Le Mans FC,Marseille,44.5,26.9,28.6,H,,,ensemble_v1
2026-10-03 13:05:24,2027-04-02,Auxerre,Racing Club de Lens,44.8,27.5,27.6,H,,,ensemble_v1
2026-10-03 13:05:24,2027-04-02,Lille,Stade Rennais FC 1901,45.0,27.0,28.0,H,,,ensemble_v1
2026-10-03 13:05:24,2027-04-02,Brest,Lorient,44.6,27.2,28.2,H,,,ensemble_v1
2026-10-03 13:05:24,2027-04-02,Strasbourg,Toulouse,45.4,27.0,27.6,H,,,ensemble_v1
2026-10-03 13:05:24,2027-04-02,Paris FC,Paris SG,44.9,27.0,28.1,H,,,ensemble_v1
2026-10-03 13:05:24,2027-04-02,Nice,Lyon,44.8,26.9,28.3,H,,,ensemble_v1
2026-10-03 13:05:24,2027-04-09,Lorient,Racing Club de Lens,44.3,27.7,28.0,H,,,ensemble_v1
2026-10-03 13:05:24,2027-04-09,Marseille,Brest,46.2,26.5,27.3,H,,,ensemble_v1
2026-10-03 13:05:24,2027-04-09,Monaco,Stade Rennais FC 1901,45.2,27.4,27.4,H,,,ensemble_v1
2026-10-03 13:05:24,2027-04-09,ES Troyes AC,Angers,44.6,27.3,28.1,H,,,ensemble_v1
2026-10-03 13:05:24,2027-04-09,Paris SG,Le Havre,44.8,27.3,27.9,H,,,ensemble_v1
2026-10-03 13:05:24,2027-04-09,Lyon,Strasbourg,45.3,27.1,27.6,H,,,ensemble_v1
2026-10-03 13:05:24,2027-04-09,Le Mans FC,Auxerre,44.4,27.2,28.4,H,,,ensemble_v1
2026-10-03 13:05:24,2027-04-09,Lille,Toulouse,44.9,26.6,28.4,H,,,ensemble_v1
2026-10-03 13:05:24,2027-04-09,Nice,Paris FC,44.7,27.0,28.3,H,,,ensemble_v1
2026-10-03 13:05:24,2027-04-16,Auxerre,Lorient,44.6,27.8,27.7,H,,,ensemble_v1
2026-10-03 13:05:24,2027-04-16,Brest,Le Mans FC,44.7,27.3,28.0,H,,,ensemble_v1
2026-10-03 13:05:24,2027-04-16,Monaco,Strasbourg,44.6,27.4,28.0,H,,,ensemble_v1
2026-10-03 13:05:24,2027-04-16,Angers,Lyon,44.9,26.8,28.3,H,,,ensemble_v1
2026-10-03 13:05:24,2027-04-16,Racing Club de Lens,Nice,44.3,27.7,28.0,H,,,ensemble_v1
2026-10-03 13:05:24,2027-04-16,Stade Rennais FC 1901,ES Troyes AC,44.4,27.7,27.9,H,,,ensemble_v1
2026-10-03 13:05:24,2027-04-16,Le Havre,Marseille,44.9,26.6,28.5,H,,,ensemble_v1
2026-10-03 13:05:24,2027-04-16,Paris SG,Lille,44.2,26.7,29.1,H,,,ensemble_v1
2026-10-03 13:05:24,2027-04-16,Toulouse,Paris FC,44.7,27.1,28.2,H,,,ensemble_v1
2026-10-03 13:05:24,2027-04-23,Paris FC,Racing Club de Lens,45.1,27.3,27.6,H,,,ensemble_v1
2026-10-03 13:05:24,2027-04-23,Marseille,Auxerre,45.2,26.7,28.1,H,,,ensemble_v1
2026-10-03 13:05:24,2027-04-23,Lille,Monaco,44.8,26.8,28.4,H,,,ensemble_v1
2026-10-03 13:05:24,2027-04-23,Lorient,Paris SG,44.2,26.6,29.1,H,,,ensemble_v1
2026-10-03 13:05:24,2027-04-23,ES Troyes AC,Toulouse,44.2,27.4,28.4,H,,,ensemble_v1
2026-10-03 13:05:24,2027-04-23,Nice,Angers,44.7,27.5,27.9,H,,,ensemble_v1
2026-10-03 13:05:24,2027-04-23,Lyon,Brest,45.5,27.1,27.4,H,,,ensemble_v1
2026-10-03 13:05:24,2027-04-23,Le Mans FC,Le Havre,44.3,27.5,28.2,H,,,ensemble_v1
2026-10-03 13:05:24,2027-04-23,Strasbourg,Stade Rennais FC 1901,45.5,27.1,27.4,H,,,ensemble_v1
2026-10-03 13:05:24,2027-04-30,Strasbourg,Lille,45.5,26.9,27.6,H,,,ensemble_v1
2026-10-03 13:05:24,2027-04-30,Monaco,Lorient,44.8,27.5,27.7,H,,,ensemble_v1
2026-10-03 13:05:24,2027-04-30,ES Troyes AC,Brest,44.5,27.5,27.9,H,,,ensemble_v1
2026-10-03 13:05:24,2027-04-30,Racing Club de Lens,Le Mans FC,44.4,27.7,27.9,H,,,ensemble_v1
2026-10-03 13:05:24,2027-04-30,Paris SG,Angers,45.0,27.3,27.7,H,,,ensemble_v1
2026-10-03 13:05:24,2027-04-30,Le Havre,Paris FC,44.8,26.6,28.6,H,,,ensemble_v1
2026-10-03 13:05:24,2027-04-30,Auxerre,Lyon,44.8,27.1,28.1,H,,,ensemble_v1
2026-10-03 13:05:24,2027-04-30,Stade Rennais FC 1901,Nice,44.3,27.7,28.0,H,,,ensemble_v1
2026-10-03 13:05:24,2027-04-30,Toulouse,Marseille,44.6,26.9,28.5,H,,,ensemble_v1
2026-10-03 13:05:24,2027-05-07,Paris FC,Lille,45.0,26.9,28.1,H,,,ensemble_v1
2026-10-03 13:05:24,2027-05-07,Lorient,Strasbourg,44.3,26.8,28.9,H,,,ensemble_v1
2026-10-03 13:05:24,2027-05-07,Brest,Auxerre,44.7,27.0,28.3,H,,,ensemble_v1
2026-10-03 13:05:24,2027-05-07,Le Mans FC,ES Troyes AC,44.4,27.7,27.9,H,,,ensemble_v1
2026-10-03 13:05:24,2027-05-07,Stade Rennais FC 1901,Le Havre,44.3,27.5,28.2,H,,,ensemble_v1
2026-10-03 13:05:24,2027-05-07,Racing Club de Lens,Monaco,44.7,27.1,28.2,H,,,ensemble_v1
2026-10-03 13:05:24,2027-05-07,Angers,Toulouse,44.7,26.9,28.3,H,,,ensemble_v1
2026-10-03 13:05:24,2027-05-07,Nice,Marseille,44.8,27.0,28.2,H,,,ensemble_v1
2026-10-03 13:05:24,2027-05-09,Lyon,Paris SG,45.5,26.6,28.0,H,,,ensemble_v1
2026-10-03 13:05:24,2027-05-15,Monaco,Paris FC,44.8,27.1,28.1,H,,,ensemble_v1
2026-10-03 13:05:24,2027-05-15,Lyon,Le Mans FC,45.6,27.0,27.4,H,,,ensemble_v1
2026-10-03 13:05:24,2027-05-15,Paris SG,Nice,44.8,27.6,27.7,H,,,ensemble_v1
2026-10-03 13:05:24,2027-05-15,Toulouse,Lorient,44.6,27.7,27.8,H,,,ensemble_v1
2026-10-03 13:05:24,2027-05-15,Brest,Le Havre,44.4,27.3,28.3,H,,,ensemble_v1
2026-10-03 13:05:24,2027-05-15,Marseille,Racing Club de Lens,45.7,26.9,27.5,H,,,ensemble_v1
2026-10-03 13:05:24,2027-05-15,Lille,Angers,44.9,27.1,28.0,H,,,ensemble_v1
2026-10-03 13:05:24,2027-05-15,Auxerre,Stade Rennais FC 1901,44.8,27.5,27.6,H,,,ensemble_v1
2026-10-03 13:05:24,2027-05-15,Strasbourg,ES Troyes AC,45.5,27.1,27.4,H,,,ensemble_v1
2026-10-03 13:05:24,2027-05-21,Nice,Monaco,45.1,26.9,28.0,H,,,ensemble_v1
2026-10-03 13:05:24,2027-05-21,Angers,Brest,44.9,26.8,28.2,H,,,ensemble_v1
2026-10-03 13:05:24,2027-05-21,Lorient,Lyon,44.3,26.9,28.8,H,,,ensemble_v1
2026-10-03 13:05:24,2027-05-21,ES Troyes AC,Paris SG,44.2,26.7,29.1,H,,,ensemble_v1
2026-10-03 13:05:24,2027-05-21,Le Mans FC,Strasbourg,44.4,26.9,28.7,H,,,ensemble_v1
2026-10-03 13:05:24,2027-05-21,Toulouse,Auxerre,44.5,27.3,28.2,H,,,ensemble_v1
2026-10-03 13:05:24,2027-05-21,Le Havre,Lille,44.8,26.7,28.5,H,,,ensemble_v1
2026-10-03 13:05:24,2027-05-21,Paris FC,Marseille,45.1,27.1,27.8,H,,,ensemble_v1
2026-10-03 13:05:24,2027-05-21,Racing Club de Lens,Stade Rennais FC 1901,44.4,27.7,27.9,H,,,ensemble_v1
2026-10-03 13:05:24,2027-05-28,Monaco,ES Troyes AC,45.2,27.4,27.4,H,,,ensemble_v1
2026-10-03 13:05:24,2027-05-28,Paris SG,Toulouse,44.6,27.4,28.1,H,,,ensemble_v1
2026-10-03 13:05:24,2027-05-28,Lille,Le Mans FC,45.0,27.0,28.0,H,,,ensemble_v1
2026-10-03 13:05:24,2027-05-28,Brest,Racing Club de Lens,44.7,27.3,28.0,H,,,ensemble_v1
2026-10-03 13:05:24,2027-05-28,Marseille,Lorient,45.4,26.8,27.8,H,,,ensemble_v1
2026-10-03 13:05:24,2027-05-28,Stade Rennais FC 1901,Angers,44.6,27.3,28.1,H,,,ensemble_v1
2026-10-03 13:05:24,2027-05-28,Lyon,Paris FC,45.3,27.0,27.7,H,,,ensemble_v1
2026-10-03 13:05:24,2027-05-28,Auxerre,Le Havre,44.8,27.4,27.8,H,,,ensemble_v1
2026-10-03 13:05:24,2027-05-28,Strasbourg,Nice,45.4,27.2,27.4,H,,,ensemble_v1
2026-10-03 13:05:26,2026-10-09,Racing Club de Lens,Lyon,16.600000381469727,25.700000762939453,57.79999923706055,A,,,nn_v1
2026-10-03 13:05:26,2026-10-10,Lille,Le Havre,57.29999923706055,38.900001525878906,3.799999952316284,H,,,nn_v1
2026-10-03 13:05:26,2026-10-10,Brest,Angers,34.900001525878906,19.700000762939453,45.400001525878906,A,,,nn_v1
2026-10-03 13:05:26,2026-10-10,Lorient,Paris FC,53.70000076293945,8.699999809265137,37.59999847412109,H,,,nn_v1
2026-10-03 13:05:26,2026-10-10,Paris SG,Le Mans FC,61.400001525878906,38.20000076293945,0.4000000059604645,H,,,nn_v1
2026-10-03 13:05:26,2026-10-10,Monaco,Toulouse,19.200000762939453,16.0,64.80000305175781,A,,,nn_v1
2026-10-03 13:05:26,2026-10-11,Nice,Strasbourg,37.400001525878906,13.600000381469728,48.900001525878906,A,,,nn_v1
2026-10-03 13:05:26,2026-10-11,Stade Rennais FC 1901,Auxerre,26.5,6.0,67.5,A,,,nn_v1
2026-10-03 13:05:26,2026-10-11,ES Troyes AC,Marseille,31.899999618530277,56.900001525878906,11.199999809265137,D,,,nn_v1
2026-10-03 13:05:26,2026-10-16,Le Mans FC,Toulouse,18.200000762939453,4.099999904632568,77.80000305175781,A,,,nn_v1
2026-10-03 13:05:26,2026-10-17,Strasbourg,Paris SG,77.0999984741211,18.0,4.900000095367432,H,,,nn_v1
2026-10-03 13:05:26,2026-10-17,ES Troyes AC,Racing Club de Lens,56.900001525878906,35.5,7.599999904632568,H,,,nn_v1
2026-10-03 13:05:26,2026-10-17,Lille,Brest,44.0,49.400001525878906,6.599999904632568,D,,,nn_v1
2026-10-03 13:05:26,2026-10-18,Angers,Marseille,35.400001525878906,47.900001525878906,16.700000762939453,D,,,nn_v1
2026-10-03 13:05:26,2026-10-18,Lorient,Monaco,36.5,48.400001525878906,15.100000381469728,D,,,nn_v1
2026-10-03 13:05:26,2026-10-18,Paris FC,Stade Rennais FC 1901,19.299999237060547,47.400001525878906,33.29999923706055,D,,,nn_v1
2026-10-03 13:05:26,2026-10-18,Le Havre,Auxerre,50.900001525878906,18.299999237060547,30.799999237060547,H,,,nn_v1
2026-10-03 13:05:26,2026-10-18,Lyon,Nice,31.5,38.900001525878906,29.700000762939453,D,,,nn_v1
2026-10-03 13:05:26,2026-10-23,Brest,Nice,53.29999923706055,23.899999618530277,22.799999237060547,H,,,nn_v1
2026-10-03 13:05:26,2026-10-24,Toulouse,ES Troyes AC,44.70000076293945,28.799999237060547,26.5,H,,,nn_v1
2026-10-03 13:05:26,2026-10-24,Racing Club de Lens,Paris FC,33.79999923706055,14.600000381469728,51.59999847412109,A,,,nn_v1
2026-10-03 13:05:26,2026-10-25,Monaco,Lille,73.80000305175781,1.0,25.299999237060547,H,,,nn_v1
2026-10-03 13:05:26,2026-10-25,Marseille,Le Havre,29.200000762939453,51.70000076293945,19.100000381469727,D,,,nn_v1
2026-10-03 13:05:26,2026-10-25,Stade Rennais FC 1901,Strasbourg,19.5,3.400000095367432,77.0,A,,,nn_v1
2026-10-03 13:05:26,2026-10-25,Angers,Lorient,42.0,28.0,30.0,H,,,nn_v1
2026-10-03 13:05:26,2026-10-25,Auxerre,Le Mans FC,84.80000305175781,11.399999618530272,3.700000047683716,H,,,nn_v1
2026-10-03 13:05:26,2026-10-25,Paris SG,Lyon,37.29999923706055,37.70000076293945,25.0,D,,,nn_v1
2026-10-03 13:05:26,2026-10-30,Le Havre,Paris SG,90.1999969482422,6.400000095367432,3.400000095367432,H,,,nn_v1
2026-10-03 13:05:26,2026-10-30,Lille,Racing Club de Lens,80.0,19.899999618530277,0.2000000029802322,H,,,nn_v1
2026-10-03 13:05:26,2026-10-31,Nice,Stade Rennais FC 1901,38.400001525878906,43.20000076293945,18.399999618530277,D,,,nn_v1
2026-10-03 13:05:26,2026-10-31,Lyon,Angers,20.399999618530277,23.100000381469727,56.5,A,,,nn_v1
2026-10-03 13:05:26,2026-10-31,Lorient,Brest,9.600000381469728,13.399999618530272,77.0999984741211,A,,,nn_v1
2026-10-03 13:05:26,2026-10-31,ES Troyes AC,Le Mans FC,56.900001525878906,35.5,7.599999904632568,H,,,nn_v1
2026-10-03 13:05:26,2026-11-01,Strasbourg,Auxerre,21.299999237060547,50.20000076293945,28.5,D,,,nn_v1
2026-10-03 13:05:26,2026-11-01,Paris FC,Monaco,32.900001525878906,46.5,20.600000381469727,D,,,nn_v1
2026-10-03 13:05:26,2026-11-01,Marseille,Toulouse,27.600000381469727,36.29999923706055,36.09999847412109,D,,,nn_v1
2026-10-03 13:05:26,2026-11-06,Toulouse,Strasbourg,15.800000190734863,23.299999237060547,60.900001525878906,A,,,nn_v1
2026-10-03 13:05:26,2026-11-07,Auxerre,Paris FC,23.100000381469727,56.400001525878906,20.5,D,,,nn_v1
2026-10-03 13:05:26,2026-11-07,Paris SG,ES Troyes AC,61.400001525878906,38.20000076293945,0.4000000059604645,H,,,nn_v1
2026-10-03 13:05:26,2026-11-08,Stade Rennais FC 1901,Lille,62.09999847412109,1.2000000476837158,36.70000076293945,H,,,nn_v1
2026-10-03 13:05:26,2026-11-08,Le Mans FC,Monaco,35.5,1.7000000476837158,62.79999923706055,A,,,nn_v1
2026-10-03 13:05:26,2026-11-08,Brest,Lyon,44.5,18.799999237060547,36.79999923706055,H,,,nn_v1
2026-10-03 13:05:26,2026-11-08,Le Havre,Lorient,35.5,35.29999923706055,29.200000762939453,H,,,nn_v1
2026-10-03 13:05:26,2026-11-08,Angers,Nice,10.300000190734863,33.099998474121094,56.5,A,,,nn_v1
2026-10-03 13:05:26,2026-11-08,Racing Club de Lens,Marseille,31.899999618530277,56.900001525878906,11.199999809265137,D,,,nn_v1
2026-10-03 13:05:26,2026-11-20,ES Troyes AC,Le Havre,23.0,6.300000190734863,70.69999694824219,A,,,nn_v1
2026-10-03 13:05:26,2026-11-21,Nice,Paris SG,75.5,21.600000381469727,2.799999952316284,H,,,nn_v1
2026-10-03 13:05:26,2026-11-21,Monaco,Auxerre,23.5,23.0,53.5,A,,,nn_v1
2026-10-03 13:05:26,2026-11-21,Racing Club de Lens,Toulouse,18.200000762939453,4.099999904632568,77.80000305175781,A,,,nn_v1
2026-10-03 13:05:26,2026-11-21,Lille,Lyon,57.09999847412109,27.700000762939453,15.199999809265137,H,,,nn_v1
2026-10-03 13:05:26,2026-11-21,Strasbourg,Brest,24.399999618530277,37.59999847412109,38.0,A,,,nn_v1
2026-10-03 13:05:26,2026-11-22,Paris FC,Angers,22.299999237060547,37.900001525878906,39.79999923706055,A,,,nn_v1
2026-10-03 13:05:26,2026-11-22,Lorient,Stade Rennais FC 1901,40.900001525878906,27.100000381469727,32.0,H,,,nn_v1
2026-10-03 13:05:26,2026-11-22,Marseille,Le Mans FC,51.400001525878906,45.70000076293945,2.900000095367432,H,,,nn_v1
2026-10-03 13:05:26,2026-11-27,Brest,Paris FC,57.09999847412109,14.399999618530272,28.5,H,,,nn_v1
2026-10-03 13:05:26,2026-11-28,Angers,Racing Club de Lens,21.700000762939453,13.699999809265137,64.5999984741211,A,,,nn_v1
2026-10-03 13:05:26,2026-11-28,Le Mans FC,Lille,62.09999847412109,1.2000000476837158,36.70000076293945,H,,,nn_v1
2026-10-03 13:05:26,2026-11-28,Nice,ES Troyes AC,38.400001525878906,43.20000076293945,18.399999618530277,D,,,nn_v1
2026-10-03 13:05:26,2026-11-28,Le Havre,Strasbourg,52.20000076293945,9.600000381469728,38.20000076293945,H,,,nn_v1
2026-10-03 13:05:26,2026-11-28,Paris SG,Lorient,36.0,45.09999847412109,18.899999618530277,D,,,nn_v1
2026-10-03 13:05:26,2026-11-29,Auxerre,Marseille,32.0,57.70000076293945,10.300000190734863,D,,,nn_v1
2026-10-03 13:05:26,2026-11-29,Toulouse,Stade Rennais FC 1901,44.70000076293945,28.799999237060547,26.5,H,,,nn_v1
2026-10-03 13:05:26,2026-11-29,Lyon,Monaco,48.59999847412109,3.299999952316284,48.09999847412109,H,,,nn_v1
2026-10-03 13:05:26,2026-12-04,ES Troyes AC,Lyon,16.600000381469727,25.700000762939453,57.79999923706055,A,,,nn_v1
2026-10-03 13:05:26,2026-12-04,Monaco,Angers,17.700000762939453,33.0,49.20000076293945,A,,,nn_v1
2026-10-03 13:05:26,2026-12-04,Racing Club de Lens,Le Havre,23.0,6.300000190734863,70.69999694824219,A,,,nn_v1
2026-10-03 13:05:26,2026-12-04,Lille,Auxerre,27.700000762939453,28.200000762939453,44.09999847412109,A,,,nn_v1
2026-10-03 13:05:26,2026-12-04,Marseille,Nice,33.599998474121094,62.79999923706055,3.5999999046325684,D,,,nn_v1
2026-10-03 13:05:26,2026-12-04,Stade Rennais FC 1901,Brest,11.5,23.200000762939453,65.19999694824219,A,,,nn_v1
2026-10-03 13:05:26,2026-12-04,Toulouse,Paris SG,66.30000305175781,10.199999809265137,23.5,H,,,nn_v1
2026-10-03 13:05:26,2026-12-04,Strasbourg,Lorient,31.899999618530277,47.900001525878906,20.200000762939453,D,,,nn_v1
2026-10-03 13:05:26,2026-12-04,Paris FC,Le Mans FC,19.299999237060547,47.400001525878906,33.29999923706055,D,,,nn_v1
2026-10-03 13:05:26,2026-12-11,Nice,Racing Club de Lens,38.400001525878906,43.20000076293945,18.399999618530277,D,,,nn_v1
2026-10-03 13:05:26,2026-12-11,Paris SG,Paris FC,36.70000076293945,57.400001525878906,5.900000095367432,D,,,nn_v1
2026-10-03 13:05:26,2026-12-11,Angers,Strasbourg,59.70000076293945,3.700000047683716,36.59999847412109,H,,,nn_v1
2026-10-03 13:05:26,2026-12-11,Brest,ES Troyes AC,68.9000015258789,20.700000762939453,10.399999618530272,H,,,nn_v1
2026-10-03 13:05:26,2026-12-11,Le Havre,Le Mans FC,28.100000381469727,19.899999618530277,52.0,A,,,nn_v1
2026-10-03 13:05:26,2026-12-11,Stade Rennais FC 1901,Monaco,35.5,1.7000000476837158,62.79999923706055,A,,,nn_v1
2026-10-03 13:05:26,2026-12-11,Lorient,Lille,87.0,1.600000023841858,11.399999618530272,H,,,nn_v1
2026-10-03 13:05:26,2026-12-11,Auxerre,Toulouse,12.699999809265137,53.29999923706055,34.099998474121094,D,,,nn_v1
2026-10-03 13:05:26,2026-12-13,Lyon,Marseille,22.799999237060547,30.600000381469727,46.59999847412109,A,,,nn_v1
2026-10-03 13:05:26,2027-01-01,Le Mans FC,Lyon,16.600000381469727,25.700000762939453,57.79999923706055,A,,,nn_v1
2026-10-03 13:05:26,2027-01-01,Brest,Marseille,35.29999923706055,39.70000076293945,25.0,D,,,nn_v1
2026-10-03 13:05:26,2027-01-01,ES Troyes AC,Stade Rennais FC 1901,56.900001525878906,35.5,7.599999904632568,H,,,nn_v1
2026-10-03 13:05:26,2027-01-01,Toulouse,Angers,42.70000076293945,43.400001525878906,13.899999618530272,D,,,nn_v1
2026-10-03 13:05:26,2027-01-01,Monaco,Nice,26.600000381469727,37.59999847412109,35.70000076293945,D,,,nn_v1
2026-10-03 13:05:26,2027-01-01,Paris FC,Le Havre,27.600000381469727,31.799999237060547,40.5,A,,,nn_v1
2026-10-03 13:05:26,2027-01-01,Lorient,Auxerre,31.899999618530277,28.0,40.09999847412109,A,,,nn_v1
2026-10-03 13:05:26,2027-01-01,Lille,Strasbourg,16.100000381469727,9.399999618530272,74.5999984741211,A,,,nn_v1
2026-10-03 13:05:26,2027-01-03,Racing Club de Lens,Paris SG,62.20000076293945,3.0999999046325684,34.70000076293945,H,,,nn_v1
2026-10-03 13:05:26,2027-01-15,Marseille,Lille,32.20000076293945,44.20000076293945,23.700000762939453,D,,,nn_v1
2026-10-03 13:05:26,2027-01-15,Lyon,Lorient,35.400001525878906,12.800000190734863,51.70000076293945,A,,,nn_v1
2026-10-03 13:05:26,2027-01-15,Paris FC,Toulouse,18.0,18.600000381469727,63.5,A,,,nn_v1
2026-10-03 13:05:26,2027-01-15,Stade Rennais FC 1901,Racing Club de Lens,56.900001525878906,35.5,7.599999904632568,H,,,nn_v1
2026-10-03 13:05:26,2027-01-15,Nice,Le Havre,30.5,14.100000381469728,55.400001525878906,A,,,nn_v1
2026-10-03 13:05:26,2027-01-15,Auxerre,ES Troyes AC,84.80000305175781,11.399999618530272,3.700000047683716,H,,,nn_v1
2026-10-03 13:05:26,2027-01-15,Strasbourg,Le Mans FC,38.29999923706055,34.5,27.200000762939453,H,,,nn_v1
2026-10-03 13:05:26,2027-01-15,Monaco,Brest,13.0,18.100000381469727,68.9000015258789,A,,,nn_v1
2026-10-03 13:05:26,2027-01-15,Angers,Paris SG,86.4000015258789,9.100000381469728,4.5,H,,,nn_v1
2026-10-03 13:05:26,2027-01-22,Le Havre,Stade Rennais FC 1901,28.100000381469727,19.899999618530277,52.0,A,,,nn_v1
2026-10-03 13:05:26,2027-01-22,Strasbourg,Lyon,27.899999618530277,56.59999847412109,15.5,D,,,nn_v1
2026-10-03 13:05:26,2027-01-22,Lille,Paris FC,69.5999984741211,29.299999237060547,1.100000023841858,H,,,nn_v1
2026-10-03 13:05:26,2027-01-22,Racing Club de Lens,Brest,11.5,23.200000762939453,65.19999694824219,A,,,nn_v1
2026-10-03 13:05:26,2027-01-22,Paris SG,Auxerre,28.899999618530277,35.20000076293945,35.79999923706055,A,,,nn_v1
2026-10-03 13:05:26,2027-01-22,ES Troyes AC,Monaco,35.5,1.7000000476837158,62.79999923706055,A,,,nn_v1
2026-10-03 13:05:26,2027-01-22,Lorient,Marseille,25.299999237060547,49.20000076293945,25.5,D,,,nn_v1
2026-10-03 13:05:26,2027-01-22,Le Mans FC,Angers,15.0,22.200000762939453,62.79999923706055,A,,,nn_v1
2026-10-03 13:05:26,2027-01-22,Toulouse,Nice,33.0,48.400001525878906,18.5,D,,,nn_v1
2026-10-03 13:05:26,2027-01-29,Paris FC,Auxerre,21.200000762939453,52.20000076293945,26.600000381469727,D,,,nn_v1
2026-10-03 13:05:26,2027-01-29,Lyon,Lille,92.0999984741211,0.5,7.400000095367432,H,,,nn_v1
2026-10-03 13:05:26,2027-01-29,Stade Rennais FC 1901,Lorient,16.299999237060547,41.5,42.29999923706055,A,,,nn_v1
2026-10-03 13:05:26,2027-01-29,Le Mans FC,Nice,26.299999237060547,19.100000381469727,54.59999847412109,A,,,nn_v1
2026-10-03 13:05:26,2027-01-29,Marseille,ES Troyes AC,51.400001525878906,45.70000076293945,2.900000095367432,H,,,nn_v1
2026-10-03 13:05:26,2027-01-29,Angers,Le Havre,39.70000076293945,16.799999237060547,43.5,A,,,nn_v1
2026-10-03 13:05:26,2027-01-29,Brest,Strasbourg,83.30000305175781,1.600000023841858,15.100000381469728,H,,,nn_v1
2026-10-03 13:05:26,2027-01-29,Monaco,Paris SG,83.19999694824219,0.800000011920929,16.0,H,,,nn_v1
2026-10-03 13:05:26,2027-01-29,Toulouse,Racing Club de Lens,44.70000076293945,28.799999237060547,26.5,H,,,nn_v1
2026-10-03 13:05:26,2027-02-05,ES Troyes AC,Lille,62.09999847412109,1.2000000476837158,36.70000076293945,H,,,nn_v1
2026-10-03 13:05:26,2027-02-05,Racing Club de Lens,Angers,15.0,22.200000762939453,62.79999923706055,A,,,nn_v1
2026-10-03 13:05:26,2027-02-05,Le Havre,Toulouse,32.5,14.0,53.59999847412109,A,,,nn_v1
2026-10-03 13:05:26,2027-02-05,Lorient,Le Mans FC,40.900001525878906,27.100000381469727,32.0,H,,,nn_v1
2026-10-03 13:05:26,2027-02-05,Nice,Brest,30.200000762939453,49.70000076293945,20.100000381469727,D,,,nn_v1
2026-10-03 13:05:26,2027-02-05,Stade Rennais FC 1901,Lyon,16.600000381469727,25.700000762939453,57.79999923706055,A,,,nn_v1
2026-10-03 13:05:26,2027-02-05,Strasbourg,Paris FC,36.5,49.59999847412109,13.899999618530272,D,,,nn_v1
2026-10-03 13:05:26,2027-02-05,Auxerre,Monaco,11.699999809265137,85.19999694824219,3.0999999046325684,D,,,nn_v1
2026-10-03 13:05:26,2027-02-07,Paris SG,Marseille,37.20000076293945,48.70000076293945,14.100000381469728,D,,,nn_v1
2026-10-03 13:05:26,2027-02-12,Brest,Stade Rennais FC 1901,68.9000015258789,20.700000762939453,10.399999618530272,H,,,nn_v1
2026-10-03 13:05:26,2027-02-12,Paris FC,ES Troyes AC,19.299999237060547,47.400001525878906,33.29999923706055,D,,,nn_v1
2026-10-03 13:05:26,2027-02-12,Le Mans FC,Paris SG,62.20000076293945,3.0999999046325684,34.70000076293945,H,,,nn_v1
2026-10-03 13:05:26,2027-02-12,Lorient,Le Havre,35.5,12.600000381469728,51.900001525878906,A,,,nn_v1
2026-10-03 13:05:26,2027-02-12,Auxerre,Strasbourg,13.399999618530272,38.09999847412109,48.59999847412109,A,,,nn_v1
2026-10-03 13:05:26,2027-02-12,Toulouse,Monaco,29.799999237060547,60.29999923706055,9.899999618530272,D,,,nn_v1
2026-10-03 13:05:26,2027-02-12,Marseille,Angers,37.70000076293945,50.900001525878906,11.399999618530272,D,,,nn_v1
2026-10-03 13:05:26,2027-02-12,Lille,Nice,68.5,31.100000381469727,0.4000000059604645,H,,,nn_v1
2026-10-03 13:05:26,2027-02-12,Lyon,Racing Club de Lens,59.29999923706055,36.59999847412109,4.0,H,,,nn_v1
2026-10-03 13:05:26,2027-02-19,Angers,Paris FC,49.59999847412109,14.5,35.900001525878906,H,,,nn_v1
2026-10-03 13:05:26,2027-02-19,Stade Rennais FC 1901,Toulouse,18.200000762939453,4.099999904632568,77.80000305175781,A,,,nn_v1
2026-10-03 13:05:26,2027-02-19,Paris SG,Brest,40.09999847412109,50.70000076293945,9.199999809265137,D,,,nn_v1
2026-10-03 13:05:26,2027-02-19,Strasbourg,Marseille,28.399999618530277,67.5,4.0,D,,,nn_v1
2026-10-03 13:05:26,2027-02-19,Nice,Auxerre,30.799999237060547,25.899999618530277,43.400001525878906,A,,,nn_v1
2026-10-03 13:05:26,2027-02-19,Le Havre,Lyon,15.600000381469728,62.20000076293945,22.200000762939453,D,,,nn_v1
2026-10-03 13:05:26,2027-02-19,Monaco,Le Mans FC,47.5,41.70000076293945,10.699999809265137,H,,,nn_v1
2026-10-03 13:05:26,2027-02-19,Lille,Lorient,52.09999847412109,42.29999923706055,5.599999904632568,H,,,nn_v1
2026-10-03 13:05:26,2027-02-19,Racing Club de Lens,ES Troyes AC,56.900001525878906,35.5,7.599999904632568,H,,,nn_v1
2026-10-03 13:05:26,2027-02-26,Strasbourg,Le Havre,35.20000076293945,34.5,30.299999237060547,H,,,nn_v1
2026-10-03 13:05:26,2027-02-26,Auxerre,Lille,18.899999618530277,73.4000015258789,7.699999809265137,D,,,nn_v1
2026-10-03 13:05:26,2027-02-26,ES Troyes AC,Nice,26.299999237060547,19.100000381469727,54.59999847412109,A,,,nn_v1
2026-10-03 13:05:26,2027-02-26,Brest,Monaco,76.19999694824219,3.0,20.799999237060547,H,,,nn_v1
2026-10-03 13:05:26,2027-02-26,Lorient,Angers,12.199999809265137,29.0,58.79999923706055,A,,,nn_v1
2026-10-03 13:05:26,2027-02-26,Marseille,Stade Rennais FC 1901,51.400001525878906,45.70000076293945,2.900000095367432,H,,,nn_v1
2026-10-03 13:05:26,2027-02-26,Lyon,Toulouse,51.5,8.699999809265137,39.79999923706055,H,,,nn_v1
2026-10-03 13:05:26,2027-02-26,Le Mans FC,Paris FC,33.79999923706055,14.600000381469728,51.59999847412109,A,,,nn_v1
2026-10-03 13:05:26,2027-02-28,Paris SG,Racing Club de Lens,61.400001525878906,38.20000076293945,0.4000000059604645,H,,,nn_v1
2026-10-03 13:05:26,2027-03-05,Le Havre,Nice,12.899999618530272,23.799999237060547,63.29999923706055,A,,,nn_v1
2026-10-03 13:05:26,2027-03-05,Paris SG,Stade Rennais FC 1901,61.400001525878906,38.20000076293945,0.4000000059604645,H,,,nn_v1
2026-10-03 13:05:26,2027-03-05,Racing Club de Lens,Strasbourg,19.5,3.400000095367432,77.0,A,,,nn_v1
2026-10-03 13:05:26,2027-03-05,Toulouse,Le Mans FC,44.70000076293945,28.799999237060547,26.5,H,,,nn_v1
2026-10-03 13:05:26,2027-03-05,ES Troyes AC,Lorient,16.299999237060547,41.5,42.29999923706055,A,,,nn_v1
2026-10-03 13:05:26,2027-03-05,Angers,Auxerre,52.5,14.899999618530272,32.599998474121094,H,,,nn_v1
2026-10-03 13:05:26,2027-03-05,Monaco,Lyon,16.5,25.600000381469727,57.900001525878906,A,,,nn_v1
2026-10-03 13:05:26,2027-03-05,Paris FC,Brest,12.100000381469728,19.399999618530277,68.5,A,,,nn_v1
2026-10-03 13:05:26,2027-03-05,Lille,Marseille,43.09999847412109,53.20000076293945,3.5999999046325684,D,,,nn_v1
2026-10-03 13:05:26,2027-03-12,Nice,Toulouse,14.699999809265137,25.100000381469727,60.20000076293945,A,,,nn_v1
2026-10-03 13:05:26,2027-03-12,Paris FC,Lorient,24.0,47.70000076293945,28.299999237060547,D,,,nn_v1
2026-10-03 13:05:26,2027-03-12,Strasbourg,Angers,35.099998474121094,45.400001525878906,19.5,D,,,nn_v1
2026-10-03 13:05:26,2027-03-12,Le Mans FC,Stade Rennais FC 1901,56.900001525878906,35.5,7.599999904632568,H,,,nn_v1
2026-10-03 13:05:26,2027-03-12,Brest,Lille,90.8000030517578,0.5,8.699999809265137,H,,,nn_v1
2026-10-03 13:05:26,2027-03-12,Le Havre,Racing Club de Lens,28.100000381469727,19.899999618530277,52.0,A,,,nn_v1
2026-10-03 13:05:26,2027-03-12,Marseille,Monaco,28.399999618530277,16.799999237060547,54.79999923706055,A,,,nn_v1
2026-10-03 13:05:26,2027-03-12,Auxerre,Paris SG,32.099998474121094,50.59999847412109,17.200000762939453,D,,,nn_v1
2026-10-03 13:05:26,2027-03-12,Lyon,ES Troyes AC,59.29999923706055,36.59999847412109,4.0,H,,,nn_v1
2026-10-03 13:05:26,2027-03-19,Angers,Le Mans FC,21.700000762939453,13.699999809265137,64.5999984741211,A,,,nn_v1
2026-10-03 13:05:26,2027-03-19,Toulouse,Brest,22.0,26.0,52.0,A,,,nn_v1
2026-10-03 13:05:26,2027-03-19,ES Troyes AC,Auxerre,26.5,6.0,67.5,A,,,nn_v1
2026-10-03 13:05:26,2027-03-19,Stade Rennais FC 1901,Paris FC,33.79999923706055,14.600000381469728,51.59999847412109,A,,,nn_v1
2026-10-03 13:05:26,2027-03-19,Monaco,Le Havre,26.100000381469727,19.799999237060547,54.09999847412109,A,,,nn_v1
2026-10-03 13:05:26,2027-03-19,Paris SG,Strasbourg,25.799999237060547,20.5,53.70000076293945,A,,,nn_v1
2026-10-03 13:05:26,2027-03-19,Racing Club de Lens,Lille,62.09999847412109,1.2000000476837158,36.70000076293945,H,,,nn_v1
2026-10-03 13:05:26,2027-03-19,Lorient,Nice,35.400001525878906,21.799999237060547,42.79999923706055,A,,,nn_v1
2026-10-03 13:05:26,2027-03-21,Marseille,Lyon,29.399999618530277,31.600000381469727,39.09999847412109,A,,,nn_v1
2026-10-03 13:05:26,2027-04-02,Le Havre,ES Troyes AC,28.100000381469727,19.899999618530277,52.0,A,,,nn_v1
2026-10-03 13:05:26,2027-04-02,Angers,Monaco,33.0,60.0,7.0,D,,,nn_v1
2026-10-03 13:05:26,2027-04-02,Le Mans FC,Marseille,31.899999618530277,56.900001525878906,11.199999809265137,D,,,nn_v1
2026-10-03 13:05:26,2027-04-02,Auxerre,Racing Club de Lens,84.80000305175781,11.399999618530272,3.700000047683716,H,,,nn_v1
2026-10-03 13:05:26,2027-04-02,Lille,Stade Rennais FC 1901,80.0,19.899999618530277,0.2000000029802322,H,,,nn_v1
2026-10-03 13:05:26,2027-04-02,Brest,Lorient,68.9000015258789,14.699999809265137,16.399999618530273,H,,,nn_v1
2026-10-03 13:05:26,2027-04-02,Strasbourg,Toulouse,23.799999237060547,31.5,44.70000076293945,A,,,nn_v1
2026-10-03 13:05:26,2027-04-02,Paris FC,Paris SG,85.69999694824219,1.7999999523162842,12.5,H,,,nn_v1
2026-10-03 13:05:26,2027-04-02,Nice,Lyon,30.700000762939453,41.79999923706055,27.5,D,,,nn_v1
2026-10-03 13:05:26,2027-04-09,Lorient,Racing Club de Lens,40.900001525878906,27.100000381469727,32.0,H,,,nn_v1
2026-10-03 13:05:26,2027-04-09,Marseille,Brest,34.0,31.200000762939453,34.79999923706055,A,,,nn_v1
2026-10-03 13:05:26,2027-04-09,Monaco,Stade Rennais FC 1901,47.5,41.70000076293945,10.699999809265137,H,,,nn_v1
2026-10-03 13:05:26,2027-04-09,ES Troyes AC,Angers,15.0,22.200000762939453,62.79999923706055,A,,,nn_v1
2026-10-03 13:05:26,2027-04-09,Paris SG,Le Havre,40.0,50.20000076293945,9.899999618530272,D,,,nn_v1
2026-10-03 13:05:26,2027-04-09,Lyon,Strasbourg,44.0,2.0999999046325684,53.900001525878906,A,,,nn_v1
2026-10-03 13:05:26,2027-04-09,Le Mans FC,Auxerre,26.5,6.0,67.5,A,,,nn_v1
2026-10-03 13:05:26,2027-04-09,Lille,Toulouse,21.200000762939453,32.599998474121094,46.09999847412109,A,,,nn_v1
2026-10-03 13:05:26,2027-04-09,Nice,Paris FC,40.70000076293945,30.100000381469727,29.200000762939453,H,,,nn_v1
2026-10-03 13:05:26,2027-04-16,Auxerre,Lorient,7.099999904632568,86.0999984741211,6.699999809265137,D,,,nn_v1
2026-10-03 13:05:26,2027-04-16,Brest,Le Mans FC,68.9000015258789,20.700000762939453,10.399999618530272,H,,,nn_v1
2026-10-03 13:05:26,2027-04-16,Monaco,Strasbourg,26.200000762939453,4.599999904632568,69.19999694824219,A,,,nn_v1
2026-10-03 13:05:26,2027-04-16,Angers,Lyon,20.200000762939453,23.299999237060547,56.400001525878906,A,,,nn_v1
2026-10-03 13:05:26,2027-04-16,Racing Club de Lens,Nice,26.299999237060547,19.100000381469727,54.59999847412109,A,,,nn_v1
2026-10-03 13:05:26,2027-04-16,Stade Rennais FC 1901,ES Troyes AC,56.900001525878906,35.5,7.599999904632568,H,,,nn_v1
2026-10-03 13:05:26,2027-04-16,Le Havre,Marseille,29.200000762939453,62.900001525878906,7.900000095367432,D,,,nn_v1
2026-10-03 13:05:26,2027-04-16,Paris SG,Lille,33.400001525878906,48.79999923706055,17.799999237060547,D,,,nn_v1
2026-10-03 13:05:26,2027-04-16,Toulouse,Paris FC,15.100000381469728,30.200000762939453,54.70000076293945,A,,,nn_v1
2026-10-03 13:05:26,2027-04-23,Paris FC,Racing Club de Lens,19.299999237060547,47.400001525878906,33.29999923706055,D,,,nn_v1
2026-10-03 13:05:26,2027-04-23,Marseille,Auxerre,22.399999618530277,59.70000076293945,17.899999618530273,D,,,nn_v1
2026-10-03 13:05:26,2027-04-23,Lille,Monaco,51.70000076293945,45.0,3.299999952316284,H,,,nn_v1
2026-10-03 13:05:26,2027-04-23,Lorient,Paris SG,91.0,1.5,7.599999904632568,H,,,nn_v1
2026-10-03 13:05:26,2027-04-23,ES Troyes AC,Toulouse,18.200000762939453,4.099999904632568,77.80000305175781,A,,,nn_v1
2026-10-03 13:05:26,2027-04-23,Nice,Angers,29.600000381469727,47.70000076293945,22.700000762939453,D,,,nn_v1
2026-10-03 13:05:26,2027-04-23,Lyon,Brest,15.300000190734863,13.399999618530272,71.30000305175781,A,,,nn_v1
2026-10-03 13:05:26,2027-04-23,Le Mans FC,Le Havre,23.0,6.300000190734863,70.69999694824219,A,,,nn_v1
2026-10-03 13:05:26,2027-04-23,Strasbourg,Stade Rennais FC 1901,38.29999923706055,34.5,27.200000762939453,H,,,nn_v1
2026-10-03 13:05:26,2027-04-30,Strasbourg,Lille,73.0,22.5,4.400000095367432,H,,,nn_v1
2026-10-03 13:05:26,2027-04-30,Monaco,Lorient,15.800000190734863,36.29999923706055,48.0,A,,,nn_v1
2026-10-03 13:05:26,2027-04-30,ES Troyes AC,Brest,11.5,23.200000762939453,65.19999694824219,A,,,nn_v1
2026-10-03 13:05:26,2027-04-30,Racing Club de Lens,Le Mans FC,56.900001525878906,35.5,7.599999904632568,H,,,nn_v1
2026-10-03 13:05:26,2027-04-30,Paris SG,Angers,42.09999847412109,52.900001525878906,5.0,D,,,nn_v1
2026-10-03 13:05:26,2027-04-30,Le Havre,Paris FC,55.09999847412109,12.100000381469728,32.79999923706055,H,,,nn_v1
2026-10-03 13:05:26,2027-04-30,Auxerre,Lyon,16.0,73.5,10.5,D,,,nn_v1
2026-10-03 13:05:26,2027-04-30,Stade Rennais FC 1901,Nice,26.299999237060547,19.100000381469727,54.59999847412109,A,,,nn_v1
2026-10-03 13:05:26,2027-04-30,Toulouse,Marseille,30.600000381469727,55.900001525878906,13.5,D,,,nn_v1
2026-10-03 13:05:26,2027-05-07,Paris FC,Lille,72.9000015258789,8.800000190734863,18.299999237060547,H,,,nn_v1
2026-10-03 13:05:26,2027-05-07,Lorient,Strasbourg,40.70000076293945,9.0,50.400001525878906,A,,,nn_v1
2026-10-03 13:05:26,2027-05-07,Brest,Auxerre,65.30000305175781,11.899999618530272,22.799999237060547,H,,,nn_v1
2026-10-03 13:05:26,2027-05-07,Le Mans FC,ES Troyes AC,56.900001525878906,35.5,7.599999904632568,H,,,nn_v1
2026-10-03 13:05:26,2027-05-07,Stade Rennais FC 1901,Le Havre,23.0,6.300000190734863,70.69999694824219,A,,,nn_v1
2026-10-03 13:05:26,2027-05-07,Racing Club de Lens,Monaco,35.5,1.7000000476837158,62.79999923706055,A,,,nn_v1
2026-10-03 13:05:26,2027-05-07,Angers,Toulouse,29.0,26.299999237060547,44.70000076293945,A,,,nn_v1
2026-10-03 13:05:26,2027-05-07,Nice,Marseille,35.599998474121094,62.79999923706055,1.600000023841858,D,,,nn_v1
2026-10-03 13:05:26,2027-05-09,Lyon,Paris SG,90.5999984741211,0.8999999761581421,8.5,H,,,nn_v1
2026-10-03 13:05:26,2027-05-15,Monaco,Paris FC,31.5,11.100000381469728,57.400001525878906,A,,,nn_v1
2026-10-03 13:05:26,2027-05-15,Lyon,Le Mans FC,59.29999923706055,36.59999847412109,4.0,H,,,nn_v1
2026-10-03 13:05:26,2027-05-15,Paris SG,Nice,36.900001525878906,59.70000076293945,3.299999952316284,D,,,nn_v1
2026-10-03 13:05:26,2027-05-15,Toulouse,Lorient,11.199999809265137,31.799999237060547,57.0,A,,,nn_v1
2026-10-03 13:05:26,2027-05-15,Brest,Le Havre,69.5999984741211,12.5,17.899999618530273,H,,,nn_v1
2026-10-03 13:05:26,2027-05-15,Marseille,Racing Club de Lens,51.400001525878906,45.70000076293945,2.900000095367432,H,,,nn_v1
2026-10-03 13:05:26,2027-05-15,Lille,Angers,51.0,45.5,3.5,H,,,nn_v1
2026-10-03 13:05:26,2027-05-15,Auxerre,Stade Rennais FC 1901,84.80000305175781,11.399999618530272,3.700000047683716,H,,,nn_v1
2026-10-03 13:05:26,2027-05-15,Strasbourg,ES Troyes AC,38.29999923706055,34.5,27.200000762939453,H,,,nn_v1
2026-10-03 13:05:26,2027-05-21,Nice,Monaco,46.20000076293945,51.09999847412109,2.799999952316284,D,,,nn_v1
2026-10-03 13:05:26,2027-05-21,Angers,Brest,15.199999809265137,13.300000190734863,71.5,A,,,nn_v1
2026-10-03 13:05:26,2027-05-21,Lorient,Lyon,11.899999618530272,41.400001525878906,46.70000076293945,A,,,nn_v1
2026-10-03 13:05:26,2027-05-21,ES Troyes AC,Paris SG,62.20000076293945,3.0999999046325684,34.70000076293945,H,,,nn_v1
2026-10-03 13:05:26,2027-05-21,Le Mans FC,Strasbourg,19.5,3.400000095367432,77.0,A,,,nn_v1
2026-10-03 13:05:26,2027-05-21,Toulouse,Auxerre,14.800000190734863,38.400001525878906,46.79999923706055,A,,,nn_v1
2026-10-03 13:05:26,2027-05-21,Le Havre,Lille,81.19999694824219,7.5,11.399999618530272,H,,,nn_v1
2026-10-03 13:05:26,2027-05-21,Paris FC,Marseille,19.200000762939453,26.799999237060547,54.0,A,,,nn_v1
2026-10-03 13:05:26,2027-05-21,Racing Club de Lens,Stade Rennais FC 1901,56.900001525878906,35.5,7.599999904632568,H,,,nn_v1
2026-10-03 13:05:26,2027-05-28,Monaco,ES Troyes AC,47.5,41.70000076293945,10.699999809265137,H,,,nn_v1
2026-10-03 13:05:26,2027-05-28,Paris SG,Toulouse,28.799999237060547,37.79999923706055,33.400001525878906,D,,,nn_v1
2026-10-03 13:05:26,2027-05-28,Lille,Le Mans FC,80.0,19.899999618530277,0.2000000029802322,H,,,nn_v1
2026-10-03 13:05:26,2027-05-28,Brest,Racing Club de Lens,68.9000015258789,20.700000762939453,10.399999618530272,H,,,nn_v1
2026-10-03 13:05:26,2027-05-28,Marseille,Lorient,30.299999237060547,52.59999847412109,17.100000381469727,D,,,nn_v1
2026-10-03 13:05:26,2027-05-28,Stade Rennais FC 1901,Angers,15.0,22.200000762939453,62.79999923706055,A,,,nn_v1
2026-10-03 13:05:26,2027-05-28,Lyon,Paris FC,44.900001525878906,7.0,48.09999847412109,A,,,nn_v1
2026-10-03 13:05:26,2027-05-28,Auxerre,Le Havre,4.800000190734863,85.9000015258789,9.300000190734863,D,,,nn_v1
2026-10-03 13:05:26,2027-05-28,Strasbourg,Nice,40.79999923706055,50.59999847412109,8.5,D,,,nn_v1
