fixture_id	provider_match_id	confidence	reason	provider	home_team_id	away_team_id	kickoff_utc	mapped_at
fx:448d1043fbafc6d96701	m_0HBFDr	0.8	normalized oriented team pair + date-only source	pitchapi	ligue1:marseille	ligue1:strasbourg	2026-08-21 11:00:00+00:00	2026-10-02T15:40:14.203657+00:00
fx:f07b430ea64ac2ef5d72	m_3t6E4V	0.8	normalized oriented team pair + date-only source	pitchapi	ligue1:lens	ligue1:auxerre	2026-08-22 11:00:00+00:00	2026-10-02T15:40:14.203657+00:00
fx:1ce2fcc4e5437cb1ef49	m_43BQ7u	0.8	normalized oriented team pair + date-only source	pitchapi	ligue1:le-mans	ligue1:brest	2026-08-22 11:00:00+00:00	2026-10-02T15:40:14.203657+00:00
fx:8aabc7548d22b02ce021	m_2j1zSm	0.8	normalized oriented team pair + date-only source	pitchapi	ligue1:nice	ligue1:lorient	2026-08-22 11:00:00+00:00	2026-10-02T15:40:14.203657+00:00
fx:3644ba0b9a9873970211	m_11sFY1	0.8	normalized oriented team pair + date-only source	pitchapi	ligue1:toulouse	ligue1:lyon	2026-08-22 11:00:00+00:00	2026-10-02T15:40:14.203657+00:00
fx:a26f49cbcc78f1a91fab	m_0UIJhg	0.8	normalized oriented team pair + date-only source	pitchapi	ligue1:troyes	ligue1:paris-fc	2026-08-22 11:00:00+00:00	2026-10-02T15:40:14.203657+00:00
fx:316d90c868c3265b725c	m_2Oa6al	0.8	normalized oriented team pair + date-only source	pitchapi	ligue1:angers	ligue1:lille	2026-08-23 11:00:00+00:00	2026-10-02T15:40:14.203657+00:00
fx:01e34b760b6e90ea5e37	m_0d3qYl	0.8	normalized oriented team pair + date-only source	pitchapi	ligue1:le-havre	ligue1:monaco	2026-08-23 11:00:00+00:00	2026-10-02T15:40:14.203657+00:00
fx:91c8813b2e79a536c877	m_4BqUyD	0.8	normalized oriented team pair + date-only source	pitchapi	ligue1:rennes	ligue1:paris-sg	2026-08-23 11:00:00+00:00	2026-10-02T15:40:14.203657+00:00
fx:21efc866776953134f9e	m_2CVXle	0.8	normalized oriented team pair + date-only source	pitchapi	ligue1:lille	ligue1:paris-sg	2026-08-28 11:00:00+00:00	2026-10-02T15:40:14.203657+00:00
fx:834b0f3804fbca9d40a5	m_0KExAF	0.8	normalized oriented team pair + date-only source	pitchapi	ligue1:strasbourg	ligue1:lens	2026-08-29 11:00:00+00:00	2026-10-02T15:40:14.203657+00:00
fx:9ffc4dda3b203a050d48	m_4Feezp	0.8	normalized oriented team pair + date-only source	pitchapi	ligue1:lorient	ligue1:troyes	2026-08-29 11:00:00+00:00	2026-10-02T15:40:14.203657+00:00
fx:d7bce3ff2e6bafa53f3a	m_30na8W	0.8	normalized oriented team pair + date-only source	pitchapi	ligue1:brest	ligue1:toulouse	2026-08-29 11:00:00+00:00	2026-10-02T15:40:14.203657+00:00
fx:5fd3a44f86983eba519c	m_30gqUp	0.8	normalized oriented team pair + date-only source	pitchapi	ligue1:auxerre	ligue1:angers	2026-08-29 11:00:00+00:00	2026-10-02T15:40:14.203657+00:00
fx:f6d541fcf2eb95b41a71	m_1COnmK	0.8	normalized oriented team pair + date-only source	pitchapi	ligue1:lyon	ligue1:le-havre	2026-08-29 11:00:00+00:00	2026-10-02T15:40:14.203657+00:00
fx:d319adfda5c52bfe3545	m_1pNRoG	0.8	normalized oriented team pair + date-only source	pitchapi	ligue1:paris-fc	ligue1:nice	2026-08-30 11:00:00+00:00	2026-10-02T15:40:14.203657+00:00
fx:d98baa9aba361008e211	m_3jG0Mg	0.8	normalized oriented team pair + date-only source	pitchapi	ligue1:rennes	ligue1:le-mans	2026-08-30 11:00:00+00:00	2026-10-02T15:40:14.203657+00:00
fx:7333e966169e9100d73a	m_1WMWmb	0.8	normalized oriented team pair + date-only source	pitchapi	ligue1:monaco	ligue1:marseille	2026-08-30 11:00:00+00:00	2026-10-02T15:40:14.203657+00:00
fx:885917164fb42a3e4316	m_3b4P88	0.8	normalized oriented team pair + date-only source	pitchapi	ligue1:toulouse	ligue1:lille	2026-09-03 11:00:00+00:00	2026-10-02T15:40:14.203657+00:00
fx:193bd6dd8a07dbdcbccb	m_2sQo0n	0.8	normalized oriented team pair + date-only source	pitchapi	ligue1:lyon	ligue1:auxerre	2026-09-04 11:00:00+00:00	2026-10-02T15:40:14.203657+00:00
fx:12f135e420645746b382	m_0i1XIU	0.8	normalized oriented team pair + date-only source	pitchapi	ligue1:paris-sg	ligue1:monaco	2026-09-04 11:00:00+00:00	2026-10-02T15:40:14.203657+00:00
fx:4d483081a9c656674b0c	m_0PAbQE	0.8	normalized oriented team pair + date-only source	pitchapi	ligue1:lens	ligue1:lorient	2026-09-05 11:00:00+00:00	2026-10-02T15:40:14.203657+00:00
fx:40f979fdf65b69527364	m_0GEPfT	0.8	normalized oriented team pair + date-only source	pitchapi	ligue1:le-havre	ligue1:brest	2026-09-05 11:00:00+00:00	2026-10-02T15:40:14.203657+00:00
fx:a3fe78e33f9258673dc3	m_2QvPlu	0.8	normalized oriented team pair + date-only source	pitchapi	ligue1:nice	ligue1:le-mans	2026-09-05 11:00:00+00:00	2026-10-02T15:40:14.203657+00:00
fx:700745a820ad0ee4d5cd	m_42jThF	0.8	normalized oriented team pair + date-only source	pitchapi	ligue1:troyes	ligue1:strasbourg	2026-09-06 11:00:00+00:00	2026-10-02T15:40:14.203657+00:00
fx:dfba05ecdc689629a40d	m_14GPFx	0.8	normalized oriented team pair + date-only source	pitchapi	ligue1:angers	ligue1:rennes	2026-09-06 11:00:00+00:00	2026-10-02T15:40:14.203657+00:00
fx:73f4536763f0fe4bace3	m_3VGnVW	0.8	normalized oriented team pair + date-only source	pitchapi	ligue1:marseille	ligue1:paris-fc	2026-09-06 11:00:00+00:00	2026-10-02T15:40:14.203657+00:00
fx:95616a36eed3dfcc2d5d	m_3RQ5Ya	0.8	normalized oriented team pair + date-only source	pitchapi	ligue1:rennes	ligue1:marseille	2026-09-11 11:00:00+00:00	2026-10-02T15:40:14.203657+00:00
fx:46230d1a66c96e7c0a93	m_3qOWTi	0.8	normalized oriented team pair + date-only source	pitchapi	ligue1:strasbourg	ligue1:monaco	2026-09-12 11:00:00+00:00	2026-10-02T15:40:14.203657+00:00
fx:af18b5371c7f29ffff53	m_2NWHQm	0.8	normalized oriented team pair + date-only source	pitchapi	ligue1:paris-fc	ligue1:lyon	2026-09-12 11:00:00+00:00	2026-10-02T15:40:14.203657+00:00
fx:2d0ecdc3703757f7e29e	m_4YH1e4	0.8	normalized oriented team pair + date-only source	pitchapi	ligue1:lorient	ligue1:toulouse	2026-09-12 11:00:00+00:00	2026-10-02T15:40:14.203657+00:00
fx:c37602855aba9438e6a5	m_3MHRhp	0.8	normalized oriented team pair + date-only source	pitchapi	ligue1:auxerre	ligue1:nice	2026-09-12 11:00:00+00:00	2026-10-02T15:40:14.203657+00:00
fx:a61d351650d90702ac11	m_1Wo9WZ	0.8	normalized oriented team pair + date-only source	pitchapi	ligue1:le-havre	ligue1:angers	2026-09-12 11:00:00+00:00	2026-10-02T15:40:14.203657+00:00
fx:1884c9f5302d28550aac	m_0jezHD	0.8	normalized oriented team pair + date-only source	pitchapi	ligue1:lille	ligue1:troyes	2026-09-13 11:00:00+00:00	2026-10-02T15:40:14.203657+00:00
fx:d9db923d85df7790a297	m_2DgiSu	0.8	normalized oriented team pair + date-only source	pitchapi	ligue1:le-mans	ligue1:lens	2026-09-13 11:00:00+00:00	2026-10-02T15:40:14.203657+00:00
fx:d1c2afd760d1c80ba456	m_2voYlx	0.8	normalized oriented team pair + date-only source	pitchapi	ligue1:brest	ligue1:paris-sg	2026-09-13 11:00:00+00:00	2026-10-02T15:40:14.203657+00:00
fx:e0f4ce122ac8c3f85d48	m_0kZhZF	0.8	normalized oriented team pair + date-only source	pitchapi	ligue1:monaco	ligue1:lens	2026-09-18 11:00:00+00:00	2026-10-02T15:40:14.203657+00:00
fx:6e27e433593e8dab070d	m_1BGUy4	0.8	normalized oriented team pair + date-only source	pitchapi	ligue1:paris-fc	ligue1:strasbourg	2026-09-19 11:00:00+00:00	2026-10-02T15:40:14.203657+00:00
fx:4c9140680f6c9f6a49ee	m_1bJohP	0.8	normalized oriented team pair + date-only source	pitchapi	ligue1:toulouse	ligue1:le-havre	2026-09-19 11:00:00+00:00	2026-10-02T15:40:14.203657+00:00
fx:9877ba36e94ab103cb3e	m_4GPNrD	0.8	normalized oriented team pair + date-only source	pitchapi	ligue1:angers	ligue1:troyes	2026-09-19 11:00:00+00:00	2026-10-02T15:40:14.203657+00:00
fx:84fd8822722161edf55e	m_3gPTHA	0.8	normalized oriented team pair + date-only source	pitchapi	ligue1:le-mans	ligue1:lorient	2026-09-19 11:00:00+00:00	2026-10-02T15:40:14.203657+00:00
fx:52625bb930f51ebdbfbc	m_2UIzIv	0.8	normalized oriented team pair + date-only source	pitchapi	ligue1:lyon	ligue1:rennes	2026-09-19 11:00:00+00:00	2026-10-02T15:40:14.203657+00:00
fx:30150999117ad6d6c7f7	m_1aMvWP	0.8	normalized oriented team pair + date-only source	pitchapi	ligue1:auxerre	ligue1:brest	2026-09-20 11:00:00+00:00	2026-10-02T15:40:14.203657+00:00
fx:2ec5c74701432b6bf6e4	m_3WB8Fu	0.8	normalized oriented team pair + date-only source	pitchapi	ligue1:nice	ligue1:lille	2026-09-20 11:00:00+00:00	2026-10-02T15:40:14.203657+00:00
fx:43718f659b68b8b830ed	m_2SY7ro	0.8	normalized oriented team pair + date-only source	pitchapi	ligue1:marseille	ligue1:paris-sg	2026-09-20 11:00:00+00:00	2026-10-02T15:40:14.203657+00:00
ligue1:football-data:559674	m_2hLxyT	1.0	normalized oriented team pair + kickoff tolerance	pitchapi	ligue1:lille	ligue1:le-havre	2026-10-10 15:15:00+00:00	2026-10-02T15:53:51.119431+00:00
ligue1:football-data:559668	m_3O9aDT	1.0	normalized oriented team pair + kickoff tolerance	pitchapi	ligue1:lorient	ligue1:paris-fc	2026-10-10 18:45:00+00:00	2026-10-02T15:53:51.119431+00:00
ligue1:football-data:559673	m_4HKcRB	1.0	normalized oriented team pair + kickoff tolerance	pitchapi	ligue1:monaco	ligue1:toulouse	2026-10-10 18:45:00+00:00	2026-10-02T15:53:51.119431+00:00
ligue1:football-data:559666	m_2LT2Nd	1.0	normalized oriented team pair + kickoff tolerance	pitchapi	ligue1:brest	ligue1:angers	2026-10-10 18:45:00+00:00	2026-10-02T15:53:51.119431+00:00
ligue1:football-data:559670	m_480LDf	1.0	normalized oriented team pair + kickoff tolerance	pitchapi	ligue1:nice	ligue1:strasbourg	2026-10-11 13:00:00+00:00	2026-10-02T15:53:51.119431+00:00
ligue1:football-data:559662	m_4RbsRB	1.0	normalized oriented team pair + kickoff tolerance	pitchapi	ligue1:strasbourg	ligue1:paris-sg	2026-10-17 15:15:00+00:00	2026-10-02T15:53:51.119431+00:00
ligue1:football-data:559660	m_1b4zha	1.0	normalized oriented team pair + kickoff tolerance	pitchapi	ligue1:lille	ligue1:brest	2026-10-17 18:45:00+00:00	2026-10-02T15:53:51.119431+00:00
ligue1:football-data:559664	m_2RULhx	1.0	normalized oriented team pair + kickoff tolerance	pitchapi	ligue1:angers	ligue1:marseille	2026-10-18 13:00:00+00:00	2026-10-02T15:53:51.119431+00:00
ligue1:football-data:559663	m_1uUPuf	1.0	normalized oriented team pair + kickoff tolerance	pitchapi	ligue1:le-havre	ligue1:auxerre	2026-10-18 15:15:00+00:00	2026-10-02T15:53:51.119431+00:00
ligue1:football-data:559657	m_1ybaO4	1.0	normalized oriented team pair + kickoff tolerance	pitchapi	ligue1:lorient	ligue1:monaco	2026-10-18 15:15:00+00:00	2026-10-02T15:53:51.119431+00:00
ligue1:football-data:559665	m_2VNJyu	1.0	normalized oriented team pair + kickoff tolerance	pitchapi	ligue1:lyon	ligue1:nice	2026-10-18 18:45:00+00:00	2026-10-02T15:53:51.119431+00:00
ligue1:football-data:559654	m_1rlN1U	1.0	normalized oriented team pair + kickoff tolerance	pitchapi	ligue1:brest	ligue1:nice	2026-10-23 18:45:00+00:00	2026-10-02T15:53:51.119431+00:00
ligue1:football-data:559650	m_4Z1eLV	1.0	normalized oriented team pair + kickoff tolerance	pitchapi	ligue1:monaco	ligue1:lille	2026-10-25 14:00:00+00:00	2026-10-02T15:53:51.119431+00:00
ligue1:football-data:559653	m_43stYq	1.0	normalized oriented team pair + kickoff tolerance	pitchapi	ligue1:angers	ligue1:lorient	2026-10-25 16:15:00+00:00	2026-10-02T15:53:51.119431+00:00
ligue1:football-data:559649	m_0LOiqg	1.0	normalized oriented team pair + kickoff tolerance	pitchapi	ligue1:marseille	ligue1:le-havre	2026-10-25 16:15:00+00:00	2026-10-02T15:53:51.119431+00:00
ligue1:football-data:559648	m_3DY8iO	1.0	normalized oriented team pair + kickoff tolerance	pitchapi	ligue1:paris-sg	ligue1:lyon	2026-10-25 19:45:00+00:00	2026-10-02T15:53:51.119431+00:00
ligue1:football-data:559644	m_49qvGz	1.0	normalized oriented team pair + kickoff tolerance	pitchapi	ligue1:le-havre	ligue1:paris-sg	2026-10-30 18:00:00+00:00	2026-10-02T15:53:51.119431+00:00
ligue1:football-data:559641	m_0xOQtL	1.0	normalized oriented team pair + kickoff tolerance	pitchapi	ligue1:lorient	ligue1:brest	2026-10-31 19:45:00+00:00	2026-10-02T15:53:51.119431+00:00
ligue1:football-data:559640	m_1IGE7o	1.0	normalized oriented team pair + kickoff tolerance	pitchapi	ligue1:lyon	ligue1:angers	2026-10-31 19:45:00+00:00	2026-10-02T15:53:51.119431+00:00
ligue1:football-data:559647	m_0h9fte	1.0	normalized oriented team pair + kickoff tolerance	pitchapi	ligue1:strasbourg	ligue1:auxerre	2026-11-01 14:00:00+00:00	2026-10-02T15:53:51.119431+00:00
ligue1:football-data:559642	m_18Uw0k	1.0	normalized oriented team pair + kickoff tolerance	pitchapi	ligue1:paris-fc	ligue1:monaco	2026-11-01 16:15:00+00:00	2026-10-02T15:53:51.119431+00:00
ligue1:football-data:559645	m_22n8XS	1.0	normalized oriented team pair + kickoff tolerance	pitchapi	ligue1:marseille	ligue1:toulouse	2026-11-01 19:45:00+00:00	2026-10-02T15:53:51.119431+00:00
ligue1:football-data:559638	m_2vsKSO	1.0	normalized oriented team pair + kickoff tolerance	pitchapi	ligue1:toulouse	ligue1:strasbourg	2026-11-06 19:45:00+00:00	2026-10-02T15:53:51.119431+00:00
ligue1:football-data:559637	m_1ronn6	1.0	normalized oriented team pair + kickoff tolerance	pitchapi	ligue1:auxerre	ligue1:paris-fc	2026-11-07 16:15:00+00:00	2026-10-02T15:53:51.119431+00:00
ligue1:football-data:559634	m_1fpHlF	1.0	normalized oriented team pair + kickoff tolerance	pitchapi	ligue1:angers	ligue1:nice	2026-11-08 16:15:00+00:00	2026-10-02T15:53:51.119431+00:00
ligue1:football-data:559632	m_16ULxt	1.0	normalized oriented team pair + kickoff tolerance	pitchapi	ligue1:brest	ligue1:lyon	2026-11-08 16:15:00+00:00	2026-10-02T15:53:51.119431+00:00
ligue1:football-data:559633	m_0BcQYa	1.0	normalized oriented team pair + kickoff tolerance	pitchapi	ligue1:le-havre	ligue1:lorient	2026-11-08 16:15:00+00:00	2026-10-02T15:53:51.119431+00:00
ligue1:football-data:559628	m_3qap9x	1.0	normalized oriented team pair + kickoff tolerance	pitchapi	ligue1:nice	ligue1:paris-sg	2026-11-21 16:15:00+00:00	2026-10-02T15:53:51.119431+00:00
ligue1:football-data:559627	m_47p1ca	1.0	normalized oriented team pair + kickoff tolerance	pitchapi	ligue1:strasbourg	ligue1:brest	2026-11-21 19:45:00+00:00	2026-10-02T15:53:51.119431+00:00
ligue1:football-data:559624	m_1waD57	1.0	normalized oriented team pair + kickoff tolerance	pitchapi	ligue1:lille	ligue1:lyon	2026-11-21 19:45:00+00:00	2026-10-02T15:53:51.119431+00:00
ligue1:football-data:559621	m_3vBvLr	1.0	normalized oriented team pair + kickoff tolerance	pitchapi	ligue1:monaco	ligue1:auxerre	2026-11-21 19:45:00+00:00	2026-10-02T15:53:51.119431+00:00
ligue1:football-data:559625	m_11vVyC	1.0	normalized oriented team pair + kickoff tolerance	pitchapi	ligue1:paris-fc	ligue1:angers	2026-11-22 14:00:00+00:00	2026-10-02T15:53:51.119431+00:00
ligue1:football-data:559616	m_1oxRzF	1.0	normalized oriented team pair + kickoff tolerance	pitchapi	ligue1:brest	ligue1:paris-fc	2026-11-27 19:45:00+00:00	2026-10-02T15:53:51.119431+00:00
ligue1:football-data:559614	m_1LWSAq	1.0	normalized oriented team pair + kickoff tolerance	pitchapi	ligue1:paris-sg	ligue1:lorient	2026-11-28 19:45:00+00:00	2026-10-02T15:53:51.119431+00:00
ligue1:football-data:559613	m_4f73g7	1.0	normalized oriented team pair + kickoff tolerance	pitchapi	ligue1:le-havre	ligue1:strasbourg	2026-11-28 19:45:00+00:00	2026-10-02T15:53:51.119431+00:00
ligue1:football-data:559619	m_4g4g9c	1.0	normalized oriented team pair + kickoff tolerance	pitchapi	ligue1:auxerre	ligue1:marseille	2026-11-29 14:00:00+00:00	2026-10-02T15:53:51.119431+00:00
ligue1:football-data:559615	m_1UrggI	1.0	normalized oriented team pair + kickoff tolerance	pitchapi	ligue1:lyon	ligue1:monaco	2026-11-29 19:45:00+00:00	2026-10-02T15:53:51.119431+00:00
ligue1:football-data:559594	m_2idWzA	1.0	normalized oriented team pair + kickoff tolerance	pitchapi	ligue1:lyon	ligue1:marseille	2026-12-13 19:45:00+00:00	2026-10-02T15:53:51.119431+00:00
ligue1:football-data:559549	m_3coiJR	1.0	normalized oriented team pair + kickoff tolerance	pitchapi	ligue1:paris-sg	ligue1:marseille	2027-02-07 19:45:00+00:00	2026-10-02T15:53:51.119431+00:00
ligue1:football-data:559495	m_2qCO4o	1.0	normalized oriented team pair + kickoff tolerance	pitchapi	ligue1:marseille	ligue1:lyon	2027-03-21 19:45:00+00:00	2026-10-02T15:53:51.119431+00:00
ligue1:football-data:559441	m_3Jg5SS	1.0	normalized oriented team pair + kickoff tolerance	pitchapi	ligue1:lyon	ligue1:paris-sg	2027-05-09 18:45:00+00:00	2026-10-02T15:53:51.119431+00:00
