Date,Time,Matchday,HomeTeam,AwayTeam,Status,fixture_id,provider_event_id,source,observed_at,kickoff_utc
2026-10-09,02:45 PM ET,6,Racing Club de Lens,Lyon,TIMED,ligue1:football-data:559669,559669,football-data.org,2026-10-02T15:22:52.213545+00:00,2026-10-09T18:45:00+00:00
2026-10-10,11:15 AM ET,6,Lille,Le Havre,TIMED,ligue1:football-data:559674,559674,football-data.org,2026-10-02T15:22:52.213545+00:00,2026-10-10T15:15:00+00:00
2026-10-10,02:45 PM ET,6,Brest,Angers,TIMED,ligue1:football-data:559666,559666,football-data.org,2026-10-02T15:22:52.213545+00:00,2026-10-10T18:45:00+00:00
2026-10-10,02:45 PM ET,6,Lorient,Paris FC,TIMED,ligue1:football-data:559668,559668,football-data.org,2026-10-02T15:22:52.213545+00:00,2026-10-10T18:45:00+00:00
2026-10-10,02:45 PM ET,6,Paris SG,Le Mans FC,TIMED,ligue1:football-data:559672,559672,football-data.org,2026-10-02T15:22:52.213545+00:00,2026-10-10T18:45:00+00:00
2026-10-10,02:45 PM ET,6,Monaco,Toulouse,TIMED,ligue1:football-data:559673,559673,football-data.org,2026-10-02T15:22:52.213545+00:00,2026-10-10T18:45:00+00:00
2026-10-11,09:00 AM ET,6,Nice,Strasbourg,TIMED,ligue1:football-data:559670,559670,football-data.org,2026-10-02T15:22:52.213545+00:00,2026-10-11T13:00:00+00:00
2026-10-11,11:15 AM ET,6,Stade Rennais FC 1901,Auxerre,TIMED,ligue1:football-data:559667,559667,football-data.org,2026-10-02T15:22:52.213545+00:00,2026-10-11T15:15:00+00:00
2026-10-11,02:45 PM ET,6,ES Troyes AC,Marseille,TIMED,ligue1:football-data:559671,559671,football-data.org,2026-10-02T15:22:52.213545+00:00,2026-10-11T18:45:00+00:00
2026-10-16,02:45 PM ET,7,Le Mans FC,Toulouse,TIMED,ligue1:football-data:559661,559661,football-data.org,2026-10-02T15:22:52.213545+00:00,2026-10-16T18:45:00+00:00
2026-10-17,11:15 AM ET,7,Strasbourg,Paris SG,TIMED,ligue1:football-data:559662,559662,football-data.org,2026-10-02T15:22:52.213545+00:00,2026-10-17T15:15:00+00:00
2026-10-17,02:45 PM ET,7,ES Troyes AC,Racing Club de Lens,TIMED,ligue1:football-data:559659,559659,football-data.org,2026-10-02T15:22:52.213545+00:00,2026-10-17T18:45:00+00:00
2026-10-17,02:45 PM ET,7,Lille,Brest,TIMED,ligue1:football-data:559660,559660,football-data.org,2026-10-02T15:22:52.213545+00:00,2026-10-17T18:45:00+00:00
2026-10-18,09:00 AM ET,7,Angers,Marseille,TIMED,ligue1:football-data:559664,559664,football-data.org,2026-10-02T15:22:52.213545+00:00,2026-10-18T13:00:00+00:00
2026-10-18,11:15 AM ET,7,Lorient,Monaco,TIMED,ligue1:football-data:559657,559657,football-data.org,2026-10-02T15:22:52.213545+00:00,2026-10-18T15:15:00+00:00
2026-10-18,11:15 AM ET,7,Paris FC,Stade Rennais FC 1901,TIMED,ligue1:football-data:559658,559658,football-data.org,2026-10-02T15:22:52.213545+00:00,2026-10-18T15:15:00+00:00
2026-10-18,11:15 AM ET,7,Le Havre,Auxerre,TIMED,ligue1:football-data:559663,559663,football-data.org,2026-10-02T15:22:52.213545+00:00,2026-10-18T15:15:00+00:00
2026-10-18,02:45 PM ET,7,Lyon,Nice,TIMED,ligue1:football-data:559665,559665,football-data.org,2026-10-02T15:22:52.213545+00:00,2026-10-18T18:45:00+00:00
2026-10-23,02:45 PM ET,8,Brest,Nice,TIMED,ligue1:football-data:559654,559654,football-data.org,2026-10-02T15:22:52.213545+00:00,2026-10-23T18:45:00+00:00
2026-10-24,11:15 AM ET,8,Toulouse,ES Troyes AC,TIMED,ligue1:football-data:559655,559655,football-data.org,2026-10-02T15:22:52.213545+00:00,2026-10-24T15:15:00+00:00
2026-10-24,02:45 PM ET,8,Racing Club de Lens,Paris FC,TIMED,ligue1:football-data:559652,559652,football-data.org,2026-10-02T15:22:52.213545+00:00,2026-10-24T18:45:00+00:00
2026-10-25,10:00 AM ET,8,Monaco,Lille,TIMED,ligue1:football-data:559650,559650,football-data.org,2026-10-02T15:22:52.213545+00:00,2026-10-25T14:00:00+00:00
2026-10-25,12:15 PM ET,8,Marseille,Le Havre,TIMED,ligue1:football-data:559649,559649,football-data.org,2026-10-02T15:22:52.213545+00:00,2026-10-25T16:15:00+00:00
2026-10-25,12:15 PM ET,8,Stade Rennais FC 1901,Strasbourg,TIMED,ligue1:football-data:559651,559651,football-data.org,2026-10-02T15:22:52.213545+00:00,2026-10-25T16:15:00+00:00
2026-10-25,12:15 PM ET,8,Angers,Lorient,TIMED,ligue1:football-data:559653,559653,football-data.org,2026-10-02T15:22:52.213545+00:00,2026-10-25T16:15:00+00:00
2026-10-25,12:15 PM ET,8,Auxerre,Le Mans FC,TIMED,ligue1:football-data:559656,559656,football-data.org,2026-10-02T15:22:52.213545+00:00,2026-10-25T16:15:00+00:00
2026-10-25,03:45 PM ET,8,Paris SG,Lyon,TIMED,ligue1:football-data:559648,559648,football-data.org,2026-10-02T15:22:52.213545+00:00,2026-10-25T19:45:00+00:00
2026-10-30,02:00 PM ET,9,Le Havre,Paris SG,TIMED,ligue1:football-data:559644,559644,football-data.org,2026-10-02T15:22:52.213545+00:00,2026-10-30T18:00:00+00:00
2026-10-30,04:05 PM ET,9,Lille,Racing Club de Lens,TIMED,ligue1:football-data:559639,559639,football-data.org,2026-10-02T15:22:52.213545+00:00,2026-10-30T20:05:00+00:00
2026-10-31,12:15 PM ET,9,Nice,Stade Rennais FC 1901,TIMED,ligue1:football-data:559646,559646,football-data.org,2026-10-02T15:22:52.213545+00:00,2026-10-31T16:15:00+00:00
2026-10-31,03:45 PM ET,9,Lyon,Angers,TIMED,ligue1:football-data:559640,559640,football-data.org,2026-10-02T15:22:52.213545+00:00,2026-10-31T19:45:00+00:00
2026-10-31,03:45 PM ET,9,Lorient,Brest,TIMED,ligue1:football-data:559641,559641,football-data.org,2026-10-02T15:22:52.213545+00:00,2026-10-31T19:45:00+00:00
2026-10-31,03:45 PM ET,9,ES Troyes AC,Le Mans FC,TIMED,ligue1:football-data:559643,559643,football-data.org,2026-10-02T15:22:52.213545+00:00,2026-10-31T19:45:00+00:00
2026-11-01,09:00 AM ET,9,Strasbourg,Auxerre,TIMED,ligue1:football-data:559647,559647,football-data.org,2026-10-02T15:22:52.213545+00:00,2026-11-01T14:00:00+00:00
2026-11-01,11:15 AM ET,9,Paris FC,Monaco,TIMED,ligue1:football-data:559642,559642,football-data.org,2026-10-02T15:22:52.213545+00:00,2026-11-01T16:15:00+00:00
2026-11-01,02:45 PM ET,9,Marseille,Toulouse,TIMED,ligue1:football-data:559645,559645,football-data.org,2026-10-02T15:22:52.213545+00:00,2026-11-01T19:45:00+00:00
2026-11-06,02:45 PM ET,10,Toulouse,Strasbourg,TIMED,ligue1:football-data:559638,559638,football-data.org,2026-10-02T15:22:52.213545+00:00,2026-11-06T19:45:00+00:00
2026-11-07,11:15 AM ET,10,Auxerre,Paris FC,TIMED,ligue1:football-data:559637,559637,football-data.org,2026-10-02T15:22:52.213545+00:00,2026-11-07T16:15:00+00:00
2026-11-07,02:45 PM ET,10,Paris SG,ES Troyes AC,TIMED,ligue1:football-data:559635,559635,football-data.org,2026-10-02T15:22:52.213545+00:00,2026-11-07T19:45:00+00:00
2026-11-08,09:00 AM ET,10,Stade Rennais FC 1901,Lille,TIMED,ligue1:football-data:559636,559636,football-data.org,2026-10-02T15:22:52.213545+00:00,2026-11-08T14:00:00+00:00
2026-11-08,11:15 AM ET,10,Le Mans FC,Monaco,TIMED,ligue1:football-data:559631,559631,football-data.org,2026-10-02T15:22:52.213545+00:00,2026-11-08T16:15:00+00:00
2026-11-08,11:15 AM ET,10,Brest,Lyon,TIMED,ligue1:football-data:559632,559632,football-data.org,2026-10-02T15:22:52.213545+00:00,2026-11-08T16:15:00+00:00
2026-11-08,11:15 AM ET,10,Le Havre,Lorient,TIMED,ligue1:football-data:559633,559633,football-data.org,2026-10-02T15:22:52.213545+00:00,2026-11-08T16:15:00+00:00
2026-11-08,11:15 AM ET,10,Angers,Nice,TIMED,ligue1:football-data:559634,559634,football-data.org,2026-10-02T15:22:52.213545+00:00,2026-11-08T16:15:00+00:00
2026-11-08,02:45 PM ET,10,Racing Club de Lens,Marseille,TIMED,ligue1:football-data:559630,559630,football-data.org,2026-10-02T15:22:52.213545+00:00,2026-11-08T19:45:00+00:00
2026-11-20,02:45 PM ET,11,ES Troyes AC,Le Havre,TIMED,ligue1:football-data:559622,559622,football-data.org,2026-10-02T15:22:52.213545+00:00,2026-11-20T19:45:00+00:00
2026-11-21,11:15 AM ET,11,Nice,Paris SG,TIMED,ligue1:football-data:559628,559628,football-data.org,2026-10-02T15:22:52.213545+00:00,2026-11-21T16:15:00+00:00
2026-11-21,02:45 PM ET,11,Monaco,Auxerre,TIMED,ligue1:football-data:559621,559621,football-data.org,2026-10-02T15:22:52.213545+00:00,2026-11-21T19:45:00+00:00
2026-11-21,02:45 PM ET,11,Racing Club de Lens,Toulouse,TIMED,ligue1:football-data:559623,559623,football-data.org,2026-10-02T15:22:52.213545+00:00,2026-11-21T19:45:00+00:00
2026-11-21,02:45 PM ET,11,Lille,Lyon,TIMED,ligue1:football-data:559624,559624,football-data.org,2026-10-02T15:22:52.213545+00:00,2026-11-21T19:45:00+00:00
2026-11-21,02:45 PM ET,11,Strasbourg,Brest,TIMED,ligue1:football-data:559627,559627,football-data.org,2026-10-02T15:22:52.213545+00:00,2026-11-21T19:45:00+00:00
2026-11-22,09:00 AM ET,11,Paris FC,Angers,TIMED,ligue1:football-data:559625,559625,football-data.org,2026-10-02T15:22:52.213545+00:00,2026-11-22T14:00:00+00:00
2026-11-22,11:15 AM ET,11,Lorient,Stade Rennais FC 1901,TIMED,ligue1:football-data:559626,559626,football-data.org,2026-10-02T15:22:52.213545+00:00,2026-11-22T16:15:00+00:00
2026-11-22,02:45 PM ET,11,Marseille,Le Mans FC,TIMED,ligue1:football-data:559629,559629,football-data.org,2026-10-02T15:22:52.213545+00:00,2026-11-22T19:45:00+00:00
2026-11-27,02:45 PM ET,12,Brest,Paris FC,TIMED,ligue1:football-data:559616,559616,football-data.org,2026-10-02T15:22:52.213545+00:00,2026-11-27T19:45:00+00:00
2026-11-28,11:15 AM ET,12,Angers,Racing Club de Lens,TIMED,ligue1:football-data:559612,559612,football-data.org,2026-10-02T15:22:52.213545+00:00,2026-11-28T16:15:00+00:00
2026-11-28,02:45 PM ET,12,Le Mans FC,Lille,TIMED,ligue1:football-data:559617,559617,football-data.org,2026-10-02T15:22:52.213545+00:00,2026-11-28T19:45:00+00:00
2026-11-28,02:45 PM ET,12,Nice,ES Troyes AC,TIMED,ligue1:football-data:559620,559620,football-data.org,2026-10-02T15:22:52.213545+00:00,2026-11-28T19:45:00+00:00
2026-11-28,02:45 PM ET,12,Le Havre,Strasbourg,TIMED,ligue1:football-data:559613,559613,football-data.org,2026-10-02T15:22:52.213545+00:00,2026-11-28T19:45:00+00:00
2026-11-28,02:45 PM ET,12,Paris SG,Lorient,TIMED,ligue1:football-data:559614,559614,football-data.org,2026-10-02T15:22:52.213545+00:00,2026-11-28T19:45:00+00:00
2026-11-29,09:00 AM ET,12,Auxerre,Marseille,TIMED,ligue1:football-data:559619,559619,football-data.org,2026-10-02T15:22:52.213545+00:00,2026-11-29T14:00:00+00:00
2026-11-29,11:15 AM ET,12,Toulouse,Stade Rennais FC 1901,TIMED,ligue1:football-data:559618,559618,football-data.org,2026-10-02T15:22:52.213545+00:00,2026-11-29T16:15:00+00:00
2026-11-29,02:45 PM ET,12,Lyon,Monaco,TIMED,ligue1:football-data:559615,559615,football-data.org,2026-10-02T15:22:52.213545+00:00,2026-11-29T19:45:00+00:00
2026-12-04,07:00 PM ET,13,ES Troyes AC,Lyon,SCHEDULED,ligue1:football-data:559603,559603,football-data.org,2026-10-02T15:22:52.213545+00:00,2026-12-05T00:00:00+00:00
2026-12-04,07:00 PM ET,13,Monaco,Angers,SCHEDULED,ligue1:football-data:559604,559604,football-data.org,2026-10-02T15:22:52.213545+00:00,2026-12-05T00:00:00+00:00
2026-12-04,07:00 PM ET,13,Racing Club de Lens,Le Havre,SCHEDULED,ligue1:football-data:559605,559605,football-data.org,2026-10-02T15:22:52.213545+00:00,2026-12-05T00:00:00+00:00
2026-12-04,07:00 PM ET,13,Lille,Auxerre,SCHEDULED,ligue1:football-data:559606,559606,football-data.org,2026-10-02T15:22:52.213545+00:00,2026-12-05T00:00:00+00:00
2026-12-04,07:00 PM ET,13,Marseille,Nice,SCHEDULED,ligue1:football-data:559607,559607,football-data.org,2026-10-02T15:22:52.213545+00:00,2026-12-05T00:00:00+00:00
2026-12-04,07:00 PM ET,13,Stade Rennais FC 1901,Brest,SCHEDULED,ligue1:football-data:559608,559608,football-data.org,2026-10-02T15:22:52.213545+00:00,2026-12-05T00:00:00+00:00
2026-12-04,07:00 PM ET,13,Toulouse,Paris SG,SCHEDULED,ligue1:football-data:559609,559609,football-data.org,2026-10-02T15:22:52.213545+00:00,2026-12-05T00:00:00+00:00
2026-12-04,07:00 PM ET,13,Strasbourg,Lorient,SCHEDULED,ligue1:football-data:559610,559610,football-data.org,2026-10-02T15:22:52.213545+00:00,2026-12-05T00:00:00+00:00
2026-12-04,07:00 PM ET,13,Paris FC,Le Mans FC,SCHEDULED,ligue1:football-data:559611,559611,football-data.org,2026-10-02T15:22:52.213545+00:00,2026-12-05T00:00:00+00:00
2026-12-11,07:00 PM ET,14,Nice,Racing Club de Lens,SCHEDULED,ligue1:football-data:559595,559595,football-data.org,2026-10-02T15:22:52.213545+00:00,2026-12-12T00:00:00+00:00
2026-12-11,07:00 PM ET,14,Paris SG,Paris FC,SCHEDULED,ligue1:football-data:559596,559596,football-data.org,2026-10-02T15:22:52.213545+00:00,2026-12-12T00:00:00+00:00
2026-12-11,07:00 PM ET,14,Angers,Strasbourg,SCHEDULED,ligue1:football-data:559597,559597,football-data.org,2026-10-02T15:22:52.213545+00:00,2026-12-12T00:00:00+00:00
2026-12-11,07:00 PM ET,14,Brest,ES Troyes AC,SCHEDULED,ligue1:football-data:559598,559598,football-data.org,2026-10-02T15:22:52.213545+00:00,2026-12-12T00:00:00+00:00
2026-12-11,07:00 PM ET,14,Le Havre,Le Mans FC,SCHEDULED,ligue1:football-data:559599,559599,football-data.org,2026-10-02T15:22:52.213545+00:00,2026-12-12T00:00:00+00:00
2026-12-11,07:00 PM ET,14,Stade Rennais FC 1901,Monaco,SCHEDULED,ligue1:football-data:559600,559600,football-data.org,2026-10-02T15:22:52.213545+00:00,2026-12-12T00:00:00+00:00
2026-12-11,07:00 PM ET,14,Lorient,Lille,SCHEDULED,ligue1:football-data:559601,559601,football-data.org,2026-10-02T15:22:52.213545+00:00,2026-12-12T00:00:00+00:00
2026-12-11,07:00 PM ET,14,Auxerre,Toulouse,SCHEDULED,ligue1:football-data:559602,559602,football-data.org,2026-10-02T15:22:52.213545+00:00,2026-12-12T00:00:00+00:00
2026-12-13,02:45 PM ET,14,Lyon,Marseille,TIMED,ligue1:football-data:559594,559594,football-data.org,2026-10-02T15:22:52.213545+00:00,2026-12-13T19:45:00+00:00
2027-01-01,07:00 PM ET,15,Le Mans FC,Lyon,SCHEDULED,ligue1:football-data:559586,559586,football-data.org,2026-10-02T15:22:52.213545+00:00,2027-01-02T00:00:00+00:00
2027-01-01,07:00 PM ET,15,Brest,Marseille,SCHEDULED,ligue1:football-data:559587,559587,football-data.org,2026-10-02T15:22:52.213545+00:00,2027-01-02T00:00:00+00:00
2027-01-01,07:00 PM ET,15,ES Troyes AC,Stade Rennais FC 1901,SCHEDULED,ligue1:football-data:559588,559588,football-data.org,2026-10-02T15:22:52.213545+00:00,2027-01-02T00:00:00+00:00
2027-01-01,07:00 PM ET,15,Toulouse,Angers,SCHEDULED,ligue1:football-data:559589,559589,football-data.org,2026-10-02T15:22:52.213545+00:00,2027-01-02T00:00:00+00:00
2027-01-01,07:00 PM ET,15,Monaco,Nice,SCHEDULED,ligue1:football-data:559590,559590,football-data.org,2026-10-02T15:22:52.213545+00:00,2027-01-02T00:00:00+00:00
2027-01-01,07:00 PM ET,15,Paris FC,Le Havre,SCHEDULED,ligue1:football-data:559591,559591,football-data.org,2026-10-02T15:22:52.213545+00:00,2027-01-02T00:00:00+00:00
2027-01-01,07:00 PM ET,15,Lorient,Auxerre,SCHEDULED,ligue1:football-data:559592,559592,football-data.org,2026-10-02T15:22:52.213545+00:00,2027-01-02T00:00:00+00:00
2027-01-01,07:00 PM ET,15,Lille,Strasbourg,SCHEDULED,ligue1:football-data:559593,559593,football-data.org,2026-10-02T15:22:52.213545+00:00,2027-01-02T00:00:00+00:00
2027-01-03,02:45 PM ET,15,Racing Club de Lens,Paris SG,TIMED,ligue1:football-data:559585,559585,football-data.org,2026-10-02T15:22:52.213545+00:00,2027-01-03T19:45:00+00:00
2027-01-15,07:00 PM ET,16,Marseille,Lille,SCHEDULED,ligue1:football-data:559576,559576,football-data.org,2026-10-02T15:22:52.213545+00:00,2027-01-16T00:00:00+00:00
2027-01-15,07:00 PM ET,16,Lyon,Lorient,SCHEDULED,ligue1:football-data:559577,559577,football-data.org,2026-10-02T15:22:52.213545+00:00,2027-01-16T00:00:00+00:00
2027-01-15,07:00 PM ET,16,Paris FC,Toulouse,SCHEDULED,ligue1:football-data:559578,559578,football-data.org,2026-10-02T15:22:52.213545+00:00,2027-01-16T00:00:00+00:00
2027-01-15,07:00 PM ET,16,Stade Rennais FC 1901,Racing Club de Lens,SCHEDULED,ligue1:football-data:559579,559579,football-data.org,2026-10-02T15:22:52.213545+00:00,2027-01-16T00:00:00+00:00
2027-01-15,07:00 PM ET,16,Nice,Le Havre,SCHEDULED,ligue1:football-data:559580,559580,football-data.org,2026-10-02T15:22:52.213545+00:00,2027-01-16T00:00:00+00:00
2027-01-15,07:00 PM ET,16,Auxerre,ES Troyes AC,SCHEDULED,ligue1:football-data:559581,559581,football-data.org,2026-10-02T15:22:52.213545+00:00,2027-01-16T00:00:00+00:00
2027-01-15,07:00 PM ET,16,Strasbourg,Le Mans FC,SCHEDULED,ligue1:football-data:559582,559582,football-data.org,2026-10-02T15:22:52.213545+00:00,2027-01-16T00:00:00+00:00
2027-01-15,07:00 PM ET,16,Monaco,Brest,SCHEDULED,ligue1:football-data:559583,559583,football-data.org,2026-10-02T15:22:52.213545+00:00,2027-01-16T00:00:00+00:00
2027-01-15,07:00 PM ET,16,Angers,Paris SG,SCHEDULED,ligue1:football-data:559584,559584,football-data.org,2026-10-02T15:22:52.213545+00:00,2027-01-16T00:00:00+00:00
2027-01-22,07:00 PM ET,17,Le Havre,Stade Rennais FC 1901,SCHEDULED,ligue1:football-data:559567,559567,football-data.org,2026-10-02T15:22:52.213545+00:00,2027-01-23T00:00:00+00:00
2027-01-22,07:00 PM ET,17,Strasbourg,Lyon,SCHEDULED,ligue1:football-data:559568,559568,football-data.org,2026-10-02T15:22:52.213545+00:00,2027-01-23T00:00:00+00:00
2027-01-22,07:00 PM ET,17,Lille,Paris FC,SCHEDULED,ligue1:football-data:559569,559569,football-data.org,2026-10-02T15:22:52.213545+00:00,2027-01-23T00:00:00+00:00
2027-01-22,07:00 PM ET,17,Racing Club de Lens,Brest,SCHEDULED,ligue1:football-data:559570,559570,football-data.org,2026-10-02T15:22:52.213545+00:00,2027-01-23T00:00:00+00:00
2027-01-22,07:00 PM ET,17,Paris SG,Auxerre,SCHEDULED,ligue1:football-data:559571,559571,football-data.org,2026-10-02T15:22:52.213545+00:00,2027-01-23T00:00:00+00:00
2027-01-22,07:00 PM ET,17,ES Troyes AC,Monaco,SCHEDULED,ligue1:football-data:559572,559572,football-data.org,2026-10-02T15:22:52.213545+00:00,2027-01-23T00:00:00+00:00
2027-01-22,07:00 PM ET,17,Lorient,Marseille,SCHEDULED,ligue1:football-data:559573,559573,football-data.org,2026-10-02T15:22:52.213545+00:00,2027-01-23T00:00:00+00:00
2027-01-22,07:00 PM ET,17,Le Mans FC,Angers,SCHEDULED,ligue1:football-data:559574,559574,football-data.org,2026-10-02T15:22:52.213545+00:00,2027-01-23T00:00:00+00:00
2027-01-22,07:00 PM ET,17,Toulouse,Nice,SCHEDULED,ligue1:football-data:559575,559575,football-data.org,2026-10-02T15:22:52.213545+00:00,2027-01-23T00:00:00+00:00
2027-01-29,07:00 PM ET,18,Paris FC,Auxerre,SCHEDULED,ligue1:football-data:559558,559558,football-data.org,2026-10-02T15:22:52.213545+00:00,2027-01-30T00:00:00+00:00
2027-01-29,07:00 PM ET,18,Lyon,Lille,SCHEDULED,ligue1:football-data:559559,559559,football-data.org,2026-10-02T15:22:52.213545+00:00,2027-01-30T00:00:00+00:00
2027-01-29,07:00 PM ET,18,Stade Rennais FC 1901,Lorient,SCHEDULED,ligue1:football-data:559560,559560,football-data.org,2026-10-02T15:22:52.213545+00:00,2027-01-30T00:00:00+00:00
2027-01-29,07:00 PM ET,18,Le Mans FC,Nice,SCHEDULED,ligue1:football-data:559561,559561,football-data.org,2026-10-02T15:22:52.213545+00:00,2027-01-30T00:00:00+00:00
2027-01-29,07:00 PM ET,18,Marseille,ES Troyes AC,SCHEDULED,ligue1:football-data:559562,559562,football-data.org,2026-10-02T15:22:52.213545+00:00,2027-01-30T00:00:00+00:00
2027-01-29,07:00 PM ET,18,Angers,Le Havre,SCHEDULED,ligue1:football-data:559563,559563,football-data.org,2026-10-02T15:22:52.213545+00:00,2027-01-30T00:00:00+00:00
2027-01-29,07:00 PM ET,18,Brest,Strasbourg,SCHEDULED,ligue1:football-data:559564,559564,football-data.org,2026-10-02T15:22:52.213545+00:00,2027-01-30T00:00:00+00:00
2027-01-29,07:00 PM ET,18,Monaco,Paris SG,SCHEDULED,ligue1:football-data:559565,559565,football-data.org,2026-10-02T15:22:52.213545+00:00,2027-01-30T00:00:00+00:00
2027-01-29,07:00 PM ET,18,Toulouse,Racing Club de Lens,SCHEDULED,ligue1:football-data:559566,559566,football-data.org,2026-10-02T15:22:52.213545+00:00,2027-01-30T00:00:00+00:00
2027-02-05,07:00 PM ET,19,ES Troyes AC,Lille,SCHEDULED,ligue1:football-data:559550,559550,football-data.org,2026-10-02T15:22:52.213545+00:00,2027-02-06T00:00:00+00:00
2027-02-05,07:00 PM ET,19,Racing Club de Lens,Angers,SCHEDULED,ligue1:football-data:559551,559551,football-data.org,2026-10-02T15:22:52.213545+00:00,2027-02-06T00:00:00+00:00
2027-02-05,07:00 PM ET,19,Le Havre,Toulouse,SCHEDULED,ligue1:football-data:559552,559552,football-data.org,2026-10-02T15:22:52.213545+00:00,2027-02-06T00:00:00+00:00
2027-02-05,07:00 PM ET,19,Lorient,Le Mans FC,SCHEDULED,ligue1:football-data:559553,559553,football-data.org,2026-10-02T15:22:52.213545+00:00,2027-02-06T00:00:00+00:00
2027-02-05,07:00 PM ET,19,Nice,Brest,SCHEDULED,ligue1:football-data:559554,559554,football-data.org,2026-10-02T15:22:52.213545+00:00,2027-02-06T00:00:00+00:00
2027-02-05,07:00 PM ET,19,Stade Rennais FC 1901,Lyon,SCHEDULED,ligue1:football-data:559555,559555,football-data.org,2026-10-02T15:22:52.213545+00:00,2027-02-06T00:00:00+00:00
2027-02-05,07:00 PM ET,19,Strasbourg,Paris FC,SCHEDULED,ligue1:football-data:559556,559556,football-data.org,2026-10-02T15:22:52.213545+00:00,2027-02-06T00:00:00+00:00
2027-02-05,07:00 PM ET,19,Auxerre,Monaco,SCHEDULED,ligue1:football-data:559557,559557,football-data.org,2026-10-02T15:22:52.213545+00:00,2027-02-06T00:00:00+00:00
2027-02-07,02:45 PM ET,19,Paris SG,Marseille,TIMED,ligue1:football-data:559549,559549,football-data.org,2026-10-02T15:22:52.213545+00:00,2027-02-07T19:45:00+00:00
2027-02-12,07:00 PM ET,20,Brest,Stade Rennais FC 1901,SCHEDULED,ligue1:football-data:559540,559540,football-data.org,2026-10-02T15:22:52.213545+00:00,2027-02-13T00:00:00+00:00
2027-02-12,07:00 PM ET,20,Paris FC,ES Troyes AC,SCHEDULED,ligue1:football-data:559541,559541,football-data.org,2026-10-02T15:22:52.213545+00:00,2027-02-13T00:00:00+00:00
2027-02-12,07:00 PM ET,20,Le Mans FC,Paris SG,SCHEDULED,ligue1:football-data:559542,559542,football-data.org,2026-10-02T15:22:52.213545+00:00,2027-02-13T00:00:00+00:00
2027-02-12,07:00 PM ET,20,Lorient,Le Havre,SCHEDULED,ligue1:football-data:559543,559543,football-data.org,2026-10-02T15:22:52.213545+00:00,2027-02-13T00:00:00+00:00
2027-02-12,07:00 PM ET,20,Auxerre,Strasbourg,SCHEDULED,ligue1:football-data:559544,559544,football-data.org,2026-10-02T15:22:52.213545+00:00,2027-02-13T00:00:00+00:00
2027-02-12,07:00 PM ET,20,Toulouse,Monaco,SCHEDULED,ligue1:football-data:559545,559545,football-data.org,2026-10-02T15:22:52.213545+00:00,2027-02-13T00:00:00+00:00
2027-02-12,07:00 PM ET,20,Marseille,Angers,SCHEDULED,ligue1:football-data:559546,559546,football-data.org,2026-10-02T15:22:52.213545+00:00,2027-02-13T00:00:00+00:00
2027-02-12,07:00 PM ET,20,Lille,Nice,SCHEDULED,ligue1:football-data:559547,559547,football-data.org,2026-10-02T15:22:52.213545+00:00,2027-02-13T00:00:00+00:00
2027-02-12,07:00 PM ET,20,Lyon,Racing Club de Lens,SCHEDULED,ligue1:football-data:559548,559548,football-data.org,2026-10-02T15:22:52.213545+00:00,2027-02-13T00:00:00+00:00
2027-02-19,07:00 PM ET,21,Angers,Paris FC,SCHEDULED,ligue1:football-data:559531,559531,football-data.org,2026-10-02T15:22:52.213545+00:00,2027-02-20T00:00:00+00:00
2027-02-19,07:00 PM ET,21,Stade Rennais FC 1901,Toulouse,SCHEDULED,ligue1:football-data:559532,559532,football-data.org,2026-10-02T15:22:52.213545+00:00,2027-02-20T00:00:00+00:00
2027-02-19,07:00 PM ET,21,Paris SG,Brest,SCHEDULED,ligue1:football-data:559533,559533,football-data.org,2026-10-02T15:22:52.213545+00:00,2027-02-20T00:00:00+00:00
2027-02-19,07:00 PM ET,21,Strasbourg,Marseille,SCHEDULED,ligue1:football-data:559534,559534,football-data.org,2026-10-02T15:22:52.213545+00:00,2027-02-20T00:00:00+00:00
2027-02-19,07:00 PM ET,21,Nice,Auxerre,SCHEDULED,ligue1:football-data:559535,559535,football-data.org,2026-10-02T15:22:52.213545+00:00,2027-02-20T00:00:00+00:00
2027-02-19,07:00 PM ET,21,Le Havre,Lyon,SCHEDULED,ligue1:football-data:559536,559536,football-data.org,2026-10-02T15:22:52.213545+00:00,2027-02-20T00:00:00+00:00
2027-02-19,07:00 PM ET,21,Monaco,Le Mans FC,SCHEDULED,ligue1:football-data:559537,559537,football-data.org,2026-10-02T15:22:52.213545+00:00,2027-02-20T00:00:00+00:00
2027-02-19,07:00 PM ET,21,Lille,Lorient,SCHEDULED,ligue1:football-data:559538,559538,football-data.org,2026-10-02T15:22:52.213545+00:00,2027-02-20T00:00:00+00:00
2027-02-19,07:00 PM ET,21,Racing Club de Lens,ES Troyes AC,SCHEDULED,ligue1:football-data:559539,559539,football-data.org,2026-10-02T15:22:52.213545+00:00,2027-02-20T00:00:00+00:00
2027-02-26,07:00 PM ET,22,Strasbourg,Le Havre,SCHEDULED,ligue1:football-data:559523,559523,football-data.org,2026-10-02T15:22:52.213545+00:00,2027-02-27T00:00:00+00:00
2027-02-26,07:00 PM ET,22,Auxerre,Lille,SCHEDULED,ligue1:football-data:559524,559524,football-data.org,2026-10-02T15:22:52.213545+00:00,2027-02-27T00:00:00+00:00
2027-02-26,07:00 PM ET,22,ES Troyes AC,Nice,SCHEDULED,ligue1:football-data:559525,559525,football-data.org,2026-10-02T15:22:52.213545+00:00,2027-02-27T00:00:00+00:00
2027-02-26,07:00 PM ET,22,Brest,Monaco,SCHEDULED,ligue1:football-data:559526,559526,football-data.org,2026-10-02T15:22:52.213545+00:00,2027-02-27T00:00:00+00:00
2027-02-26,07:00 PM ET,22,Lorient,Angers,SCHEDULED,ligue1:football-data:559527,559527,football-data.org,2026-10-02T15:22:52.213545+00:00,2027-02-27T00:00:00+00:00
2027-02-26,07:00 PM ET,22,Marseille,Stade Rennais FC 1901,SCHEDULED,ligue1:football-data:559528,559528,football-data.org,2026-10-02T15:22:52.213545+00:00,2027-02-27T00:00:00+00:00
2027-02-26,07:00 PM ET,22,Lyon,Toulouse,SCHEDULED,ligue1:football-data:559529,559529,football-data.org,2026-10-02T15:22:52.213545+00:00,2027-02-27T00:00:00+00:00
2027-02-26,07:00 PM ET,22,Le Mans FC,Paris FC,SCHEDULED,ligue1:football-data:559530,559530,football-data.org,2026-10-02T15:22:52.213545+00:00,2027-02-27T00:00:00+00:00
2027-02-28,02:45 PM ET,22,Paris SG,Racing Club de Lens,TIMED,ligue1:football-data:559522,559522,football-data.org,2026-10-02T15:22:52.213545+00:00,2027-02-28T19:45:00+00:00
2027-03-05,07:00 PM ET,23,Le Havre,Nice,SCHEDULED,ligue1:football-data:559513,559513,football-data.org,2026-10-02T15:22:52.213545+00:00,2027-03-06T00:00:00+00:00
2027-03-05,07:00 PM ET,23,Paris SG,Stade Rennais FC 1901,SCHEDULED,ligue1:football-data:559514,559514,football-data.org,2026-10-02T15:22:52.213545+00:00,2027-03-06T00:00:00+00:00
2027-03-05,07:00 PM ET,23,Racing Club de Lens,Strasbourg,SCHEDULED,ligue1:football-data:559515,559515,football-data.org,2026-10-02T15:22:52.213545+00:00,2027-03-06T00:00:00+00:00
2027-03-05,07:00 PM ET,23,Toulouse,Le Mans FC,SCHEDULED,ligue1:football-data:559516,559516,football-data.org,2026-10-02T15:22:52.213545+00:00,2027-03-06T00:00:00+00:00
2027-03-05,07:00 PM ET,23,ES Troyes AC,Lorient,SCHEDULED,ligue1:football-data:559517,559517,football-data.org,2026-10-02T15:22:52.213545+00:00,2027-03-06T00:00:00+00:00
2027-03-05,07:00 PM ET,23,Angers,Auxerre,SCHEDULED,ligue1:football-data:559518,559518,football-data.org,2026-10-02T15:22:52.213545+00:00,2027-03-06T00:00:00+00:00
2027-03-05,07:00 PM ET,23,Monaco,Lyon,SCHEDULED,ligue1:football-data:559519,559519,football-data.org,2026-10-02T15:22:52.213545+00:00,2027-03-06T00:00:00+00:00
2027-03-05,07:00 PM ET,23,Paris FC,Brest,SCHEDULED,ligue1:football-data:559520,559520,football-data.org,2026-10-02T15:22:52.213545+00:00,2027-03-06T00:00:00+00:00
2027-03-05,07:00 PM ET,23,Lille,Marseille,SCHEDULED,ligue1:football-data:559521,559521,football-data.org,2026-10-02T15:22:52.213545+00:00,2027-03-06T00:00:00+00:00
2027-03-12,07:00 PM ET,24,Nice,Toulouse,SCHEDULED,ligue1:football-data:559504,559504,football-data.org,2026-10-02T15:22:52.213545+00:00,2027-03-13T00:00:00+00:00
2027-03-12,07:00 PM ET,24,Paris FC,Lorient,SCHEDULED,ligue1:football-data:559505,559505,football-data.org,2026-10-02T15:22:52.213545+00:00,2027-03-13T00:00:00+00:00
2027-03-12,07:00 PM ET,24,Strasbourg,Angers,SCHEDULED,ligue1:football-data:559506,559506,football-data.org,2026-10-02T15:22:52.213545+00:00,2027-03-13T00:00:00+00:00
2027-03-12,07:00 PM ET,24,Le Mans FC,Stade Rennais FC 1901,SCHEDULED,ligue1:football-data:559507,559507,football-data.org,2026-10-02T15:22:52.213545+00:00,2027-03-13T00:00:00+00:00
2027-03-12,07:00 PM ET,24,Brest,Lille,SCHEDULED,ligue1:football-data:559508,559508,football-data.org,2026-10-02T15:22:52.213545+00:00,2027-03-13T00:00:00+00:00
2027-03-12,07:00 PM ET,24,Le Havre,Racing Club de Lens,SCHEDULED,ligue1:football-data:559509,559509,football-data.org,2026-10-02T15:22:52.213545+00:00,2027-03-13T00:00:00+00:00
2027-03-12,07:00 PM ET,24,Marseille,Monaco,SCHEDULED,ligue1:football-data:559510,559510,football-data.org,2026-10-02T15:22:52.213545+00:00,2027-03-13T00:00:00+00:00
2027-03-12,07:00 PM ET,24,Auxerre,Paris SG,SCHEDULED,ligue1:football-data:559511,559511,football-data.org,2026-10-02T15:22:52.213545+00:00,2027-03-13T00:00:00+00:00
2027-03-12,07:00 PM ET,24,Lyon,ES Troyes AC,SCHEDULED,ligue1:football-data:559512,559512,football-data.org,2026-10-02T15:22:52.213545+00:00,2027-03-13T00:00:00+00:00
2027-03-19,08:00 PM ET,25,Angers,Le Mans FC,SCHEDULED,ligue1:football-data:559496,559496,football-data.org,2026-10-02T15:22:52.213545+00:00,2027-03-20T00:00:00+00:00
2027-03-19,08:00 PM ET,25,Toulouse,Brest,SCHEDULED,ligue1:football-data:559497,559497,football-data.org,2026-10-02T15:22:52.213545+00:00,2027-03-20T00:00:00+00:00
2027-03-19,08:00 PM ET,25,ES Troyes AC,Auxerre,SCHEDULED,ligue1:football-data:559498,559498,football-data.org,2026-10-02T15:22:52.213545+00:00,2027-03-20T00:00:00+00:00
2027-03-19,08:00 PM ET,25,Stade Rennais FC 1901,Paris FC,SCHEDULED,ligue1:football-data:559499,559499,football-data.org,2026-10-02T15:22:52.213545+00:00,2027-03-20T00:00:00+00:00
2027-03-19,08:00 PM ET,25,Monaco,Le Havre,SCHEDULED,ligue1:football-data:559500,559500,football-data.org,2026-10-02T15:22:52.213545+00:00,2027-03-20T00:00:00+00:00
2027-03-19,08:00 PM ET,25,Paris SG,Strasbourg,SCHEDULED,ligue1:football-data:559501,559501,football-data.org,2026-10-02T15:22:52.213545+00:00,2027-03-20T00:00:00+00:00
2027-03-19,08:00 PM ET,25,Racing Club de Lens,Lille,SCHEDULED,ligue1:football-data:559502,559502,football-data.org,2026-10-02T15:22:52.213545+00:00,2027-03-20T00:00:00+00:00
2027-03-19,08:00 PM ET,25,Lorient,Nice,SCHEDULED,ligue1:football-data:559503,559503,football-data.org,2026-10-02T15:22:52.213545+00:00,2027-03-20T00:00:00+00:00
2027-03-21,03:45 PM ET,25,Marseille,Lyon,TIMED,ligue1:football-data:559495,559495,football-data.org,2026-10-02T15:22:52.213545+00:00,2027-03-21T19:45:00+00:00
2027-04-02,08:00 PM ET,26,Le Havre,ES Troyes AC,SCHEDULED,ligue1:football-data:559486,559486,football-data.org,2026-10-02T15:22:52.213545+00:00,2027-04-03T00:00:00+00:00
2027-04-02,08:00 PM ET,26,Angers,Monaco,SCHEDULED,ligue1:football-data:559487,559487,football-data.org,2026-10-02T15:22:52.213545+00:00,2027-04-03T00:00:00+00:00
2027-04-02,08:00 PM ET,26,Le Mans FC,Marseille,SCHEDULED,ligue1:football-data:559488,559488,football-data.org,2026-10-02T15:22:52.213545+00:00,2027-04-03T00:00:00+00:00
2027-04-02,08:00 PM ET,26,Auxerre,Racing Club de Lens,SCHEDULED,ligue1:football-data:559489,559489,football-data.org,2026-10-02T15:22:52.213545+00:00,2027-04-03T00:00:00+00:00
2027-04-02,08:00 PM ET,26,Lille,Stade Rennais FC 1901,SCHEDULED,ligue1:football-data:559490,559490,football-data.org,2026-10-02T15:22:52.213545+00:00,2027-04-03T00:00:00+00:00
2027-04-02,08:00 PM ET,26,Brest,Lorient,SCHEDULED,ligue1:football-data:559491,559491,football-data.org,2026-10-02T15:22:52.213545+00:00,2027-04-03T00:00:00+00:00
2027-04-02,08:00 PM ET,26,Strasbourg,Toulouse,SCHEDULED,ligue1:football-data:559492,559492,football-data.org,2026-10-02T15:22:52.213545+00:00,2027-04-03T00:00:00+00:00
2027-04-02,08:00 PM ET,26,Paris FC,Paris SG,SCHEDULED,ligue1:football-data:559493,559493,football-data.org,2026-10-02T15:22:52.213545+00:00,2027-04-03T00:00:00+00:00
2027-04-02,08:00 PM ET,26,Nice,Lyon,SCHEDULED,ligue1:football-data:559494,559494,football-data.org,2026-10-02T15:22:52.213545+00:00,2027-04-03T00:00:00+00:00
2027-04-09,08:00 PM ET,27,Lorient,Racing Club de Lens,SCHEDULED,ligue1:football-data:559477,559477,football-data.org,2026-10-02T15:22:52.213545+00:00,2027-04-10T00:00:00+00:00
2027-04-09,08:00 PM ET,27,Marseille,Brest,SCHEDULED,ligue1:football-data:559478,559478,football-data.org,2026-10-02T15:22:52.213545+00:00,2027-04-10T00:00:00+00:00
2027-04-09,08:00 PM ET,27,Monaco,Stade Rennais FC 1901,SCHEDULED,ligue1:football-data:559479,559479,football-data.org,2026-10-02T15:22:52.213545+00:00,2027-04-10T00:00:00+00:00
2027-04-09,08:00 PM ET,27,ES Troyes AC,Angers,SCHEDULED,ligue1:football-data:559480,559480,football-data.org,2026-10-02T15:22:52.213545+00:00,2027-04-10T00:00:00+00:00
2027-04-09,08:00 PM ET,27,Paris SG,Le Havre,SCHEDULED,ligue1:football-data:559481,559481,football-data.org,2026-10-02T15:22:52.213545+00:00,2027-04-10T00:00:00+00:00
2027-04-09,08:00 PM ET,27,Lyon,Strasbourg,SCHEDULED,ligue1:football-data:559482,559482,football-data.org,2026-10-02T15:22:52.213545+00:00,2027-04-10T00:00:00+00:00
2027-04-09,08:00 PM ET,27,Le Mans FC,Auxerre,SCHEDULED,ligue1:football-data:559483,559483,football-data.org,2026-10-02T15:22:52.213545+00:00,2027-04-10T00:00:00+00:00
2027-04-09,08:00 PM ET,27,Lille,Toulouse,SCHEDULED,ligue1:football-data:559484,559484,football-data.org,2026-10-02T15:22:52.213545+00:00,2027-04-10T00:00:00+00:00
2027-04-09,08:00 PM ET,27,Nice,Paris FC,SCHEDULED,ligue1:football-data:559485,559485,football-data.org,2026-10-02T15:22:52.213545+00:00,2027-04-10T00:00:00+00:00
2027-04-16,08:00 PM ET,28,Auxerre,Lorient,SCHEDULED,ligue1:football-data:559468,559468,football-data.org,2026-10-02T15:22:52.213545+00:00,2027-04-17T00:00:00+00:00
2027-04-16,08:00 PM ET,28,Brest,Le Mans FC,SCHEDULED,ligue1:football-data:559469,559469,football-data.org,2026-10-02T15:22:52.213545+00:00,2027-04-17T00:00:00+00:00
2027-04-16,08:00 PM ET,28,Monaco,Strasbourg,SCHEDULED,ligue1:football-data:559470,559470,football-data.org,2026-10-02T15:22:52.213545+00:00,2027-04-17T00:00:00+00:00
2027-04-16,08:00 PM ET,28,Angers,Lyon,SCHEDULED,ligue1:football-data:559471,559471,football-data.org,2026-10-02T15:22:52.213545+00:00,2027-04-17T00:00:00+00:00
2027-04-16,08:00 PM ET,28,Racing Club de Lens,Nice,SCHEDULED,ligue1:football-data:559472,559472,football-data.org,2026-10-02T15:22:52.213545+00:00,2027-04-17T00:00:00+00:00
2027-04-16,08:00 PM ET,28,Stade Rennais FC 1901,ES Troyes AC,SCHEDULED,ligue1:football-data:559473,559473,football-data.org,2026-10-02T15:22:52.213545+00:00,2027-04-17T00:00:00+00:00
2027-04-16,08:00 PM ET,28,Le Havre,Marseille,SCHEDULED,ligue1:football-data:559474,559474,football-data.org,2026-10-02T15:22:52.213545+00:00,2027-04-17T00:00:00+00:00
2027-04-16,08:00 PM ET,28,Paris SG,Lille,SCHEDULED,ligue1:football-data:559475,559475,football-data.org,2026-10-02T15:22:52.213545+00:00,2027-04-17T00:00:00+00:00
2027-04-16,08:00 PM ET,28,Toulouse,Paris FC,SCHEDULED,ligue1:football-data:559476,559476,football-data.org,2026-10-02T15:22:52.213545+00:00,2027-04-17T00:00:00+00:00
2027-04-23,08:00 PM ET,29,Paris FC,Racing Club de Lens,SCHEDULED,ligue1:football-data:559459,559459,football-data.org,2026-10-02T15:22:52.213545+00:00,2027-04-24T00:00:00+00:00
2027-04-23,08:00 PM ET,29,Marseille,Auxerre,SCHEDULED,ligue1:football-data:559460,559460,football-data.org,2026-10-02T15:22:52.213545+00:00,2027-04-24T00:00:00+00:00
2027-04-23,08:00 PM ET,29,Lille,Monaco,SCHEDULED,ligue1:football-data:559461,559461,football-data.org,2026-10-02T15:22:52.213545+00:00,2027-04-24T00:00:00+00:00
2027-04-23,08:00 PM ET,29,Lorient,Paris SG,SCHEDULED,ligue1:football-data:559462,559462,football-data.org,2026-10-02T15:22:52.213545+00:00,2027-04-24T00:00:00+00:00
2027-04-23,08:00 PM ET,29,ES Troyes AC,Toulouse,SCHEDULED,ligue1:football-data:559463,559463,football-data.org,2026-10-02T15:22:52.213545+00:00,2027-04-24T00:00:00+00:00
2027-04-23,08:00 PM ET,29,Nice,Angers,SCHEDULED,ligue1:football-data:559464,559464,football-data.org,2026-10-02T15:22:52.213545+00:00,2027-04-24T00:00:00+00:00
2027-04-23,08:00 PM ET,29,Lyon,Brest,SCHEDULED,ligue1:football-data:559465,559465,football-data.org,2026-10-02T15:22:52.213545+00:00,2027-04-24T00:00:00+00:00
2027-04-23,08:00 PM ET,29,Le Mans FC,Le Havre,SCHEDULED,ligue1:football-data:559466,559466,football-data.org,2026-10-02T15:22:52.213545+00:00,2027-04-24T00:00:00+00:00
2027-04-23,08:00 PM ET,29,Strasbourg,Stade Rennais FC 1901,SCHEDULED,ligue1:football-data:559467,559467,football-data.org,2026-10-02T15:22:52.213545+00:00,2027-04-24T00:00:00+00:00
2027-04-30,08:00 PM ET,30,Strasbourg,Lille,SCHEDULED,ligue1:football-data:559450,559450,football-data.org,2026-10-02T15:22:52.213545+00:00,2027-05-01T00:00:00+00:00
2027-04-30,08:00 PM ET,30,Monaco,Lorient,SCHEDULED,ligue1:football-data:559451,559451,football-data.org,2026-10-02T15:22:52.213545+00:00,2027-05-01T00:00:00+00:00
2027-04-30,08:00 PM ET,30,ES Troyes AC,Brest,SCHEDULED,ligue1:football-data:559452,559452,football-data.org,2026-10-02T15:22:52.213545+00:00,2027-05-01T00:00:00+00:00
2027-04-30,08:00 PM ET,30,Racing Club de Lens,Le Mans FC,SCHEDULED,ligue1:football-data:559453,559453,football-data.org,2026-10-02T15:22:52.213545+00:00,2027-05-01T00:00:00+00:00
2027-04-30,08:00 PM ET,30,Paris SG,Angers,SCHEDULED,ligue1:football-data:559454,559454,football-data.org,2026-10-02T15:22:52.213545+00:00,2027-05-01T00:00:00+00:00
2027-04-30,08:00 PM ET,30,Le Havre,Paris FC,SCHEDULED,ligue1:football-data:559455,559455,football-data.org,2026-10-02T15:22:52.213545+00:00,2027-05-01T00:00:00+00:00
2027-04-30,08:00 PM ET,30,Auxerre,Lyon,SCHEDULED,ligue1:football-data:559456,559456,football-data.org,2026-10-02T15:22:52.213545+00:00,2027-05-01T00:00:00+00:00
2027-04-30,08:00 PM ET,30,Stade Rennais FC 1901,Nice,SCHEDULED,ligue1:football-data:559457,559457,football-data.org,2026-10-02T15:22:52.213545+00:00,2027-05-01T00:00:00+00:00
2027-04-30,08:00 PM ET,30,Toulouse,Marseille,SCHEDULED,ligue1:football-data:559458,559458,football-data.org,2026-10-02T15:22:52.213545+00:00,2027-05-01T00:00:00+00:00
2027-05-07,08:00 PM ET,31,Paris FC,Lille,SCHEDULED,ligue1:football-data:559442,559442,football-data.org,2026-10-02T15:22:52.213545+00:00,2027-05-08T00:00:00+00:00
2027-05-07,08:00 PM ET,31,Lorient,Strasbourg,SCHEDULED,ligue1:football-data:559443,559443,football-data.org,2026-10-02T15:22:52.213545+00:00,2027-05-08T00:00:00+00:00
2027-05-07,08:00 PM ET,31,Brest,Auxerre,SCHEDULED,ligue1:football-data:559444,559444,football-data.org,2026-10-02T15:22:52.213545+00:00,2027-05-08T00:00:00+00:00
2027-05-07,08:00 PM ET,31,Le Mans FC,ES Troyes AC,SCHEDULED,ligue1:football-data:559445,559445,football-data.org,2026-10-02T15:22:52.213545+00:00,2027-05-08T00:00:00+00:00
2027-05-07,08:00 PM ET,31,Stade Rennais FC 1901,Le Havre,SCHEDULED,ligue1:football-data:559446,559446,football-data.org,2026-10-02T15:22:52.213545+00:00,2027-05-08T00:00:00+00:00
2027-05-07,08:00 PM ET,31,Racing Club de Lens,Monaco,SCHEDULED,ligue1:football-data:559447,559447,football-data.org,2026-10-02T15:22:52.213545+00:00,2027-05-08T00:00:00+00:00
2027-05-07,08:00 PM ET,31,Angers,Toulouse,SCHEDULED,ligue1:football-data:559448,559448,football-data.org,2026-10-02T15:22:52.213545+00:00,2027-05-08T00:00:00+00:00
2027-05-07,08:00 PM ET,31,Nice,Marseille,SCHEDULED,ligue1:football-data:559449,559449,football-data.org,2026-10-02T15:22:52.213545+00:00,2027-05-08T00:00:00+00:00
2027-05-09,02:45 PM ET,31,Lyon,Paris SG,TIMED,ligue1:football-data:559441,559441,football-data.org,2026-10-02T15:22:52.213545+00:00,2027-05-09T18:45:00+00:00
2027-05-15,08:00 PM ET,32,Monaco,Paris FC,SCHEDULED,ligue1:football-data:559432,559432,football-data.org,2026-10-02T15:22:52.213545+00:00,2027-05-16T00:00:00+00:00
2027-05-15,08:00 PM ET,32,Lyon,Le Mans FC,SCHEDULED,ligue1:football-data:559433,559433,football-data.org,2026-10-02T15:22:52.213545+00:00,2027-05-16T00:00:00+00:00
2027-05-15,08:00 PM ET,32,Paris SG,Nice,SCHEDULED,ligue1:football-data:559434,559434,football-data.org,2026-10-02T15:22:52.213545+00:00,2027-05-16T00:00:00+00:00
2027-05-15,08:00 PM ET,32,Toulouse,Lorient,SCHEDULED,ligue1:football-data:559435,559435,football-data.org,2026-10-02T15:22:52.213545+00:00,2027-05-16T00:00:00+00:00
2027-05-15,08:00 PM ET,32,Brest,Le Havre,SCHEDULED,ligue1:football-data:559436,559436,football-data.org,2026-10-02T15:22:52.213545+00:00,2027-05-16T00:00:00+00:00
2027-05-15,08:00 PM ET,32,Marseille,Racing Club de Lens,SCHEDULED,ligue1:football-data:559437,559437,football-data.org,2026-10-02T15:22:52.213545+00:00,2027-05-16T00:00:00+00:00
2027-05-15,08:00 PM ET,32,Lille,Angers,SCHEDULED,ligue1:football-data:559438,559438,football-data.org,2026-10-02T15:22:52.213545+00:00,2027-05-16T00:00:00+00:00
2027-05-15,08:00 PM ET,32,Auxerre,Stade Rennais FC 1901,SCHEDULED,ligue1:football-data:559439,559439,football-data.org,2026-10-02T15:22:52.213545+00:00,2027-05-16T00:00:00+00:00
2027-05-15,08:00 PM ET,32,Strasbourg,ES Troyes AC,SCHEDULED,ligue1:football-data:559440,559440,football-data.org,2026-10-02T15:22:52.213545+00:00,2027-05-16T00:00:00+00:00
2027-05-21,08:00 PM ET,33,Nice,Monaco,SCHEDULED,ligue1:football-data:559423,559423,football-data.org,2026-10-02T15:22:52.213545+00:00,2027-05-22T00:00:00+00:00
2027-05-21,08:00 PM ET,33,Angers,Brest,SCHEDULED,ligue1:football-data:559424,559424,football-data.org,2026-10-02T15:22:52.213545+00:00,2027-05-22T00:00:00+00:00
2027-05-21,08:00 PM ET,33,Lorient,Lyon,SCHEDULED,ligue1:football-data:559425,559425,football-data.org,2026-10-02T15:22:52.213545+00:00,2027-05-22T00:00:00+00:00
2027-05-21,08:00 PM ET,33,ES Troyes AC,Paris SG,SCHEDULED,ligue1:football-data:559426,559426,football-data.org,2026-10-02T15:22:52.213545+00:00,2027-05-22T00:00:00+00:00
2027-05-21,08:00 PM ET,33,Le Mans FC,Strasbourg,SCHEDULED,ligue1:football-data:559427,559427,football-data.org,2026-10-02T15:22:52.213545+00:00,2027-05-22T00:00:00+00:00
2027-05-21,08:00 PM ET,33,Toulouse,Auxerre,SCHEDULED,ligue1:football-data:559428,559428,football-data.org,2026-10-02T15:22:52.213545+00:00,2027-05-22T00:00:00+00:00
2027-05-21,08:00 PM ET,33,Le Havre,Lille,SCHEDULED,ligue1:football-data:559429,559429,football-data.org,2026-10-02T15:22:52.213545+00:00,2027-05-22T00:00:00+00:00
2027-05-21,08:00 PM ET,33,Paris FC,Marseille,SCHEDULED,ligue1:football-data:559430,559430,football-data.org,2026-10-02T15:22:52.213545+00:00,2027-05-22T00:00:00+00:00
2027-05-21,08:00 PM ET,33,Racing Club de Lens,Stade Rennais FC 1901,SCHEDULED,ligue1:football-data:559431,559431,football-data.org,2026-10-02T15:22:52.213545+00:00,2027-05-22T00:00:00+00:00
2027-05-28,08:00 PM ET,34,Monaco,ES Troyes AC,SCHEDULED,ligue1:football-data:559414,559414,football-data.org,2026-10-02T15:22:52.213545+00:00,2027-05-29T00:00:00+00:00
2027-05-28,08:00 PM ET,34,Paris SG,Toulouse,SCHEDULED,ligue1:football-data:559415,559415,football-data.org,2026-10-02T15:22:52.213545+00:00,2027-05-29T00:00:00+00:00
2027-05-28,08:00 PM ET,34,Lille,Le Mans FC,SCHEDULED,ligue1:football-data:559416,559416,football-data.org,2026-10-02T15:22:52.213545+00:00,2027-05-29T00:00:00+00:00
2027-05-28,08:00 PM ET,34,Brest,Racing Club de Lens,SCHEDULED,ligue1:football-data:559417,559417,football-data.org,2026-10-02T15:22:52.213545+00:00,2027-05-29T00:00:00+00:00
2027-05-28,08:00 PM ET,34,Marseille,Lorient,SCHEDULED,ligue1:football-data:559418,559418,football-data.org,2026-10-02T15:22:52.213545+00:00,2027-05-29T00:00:00+00:00
2027-05-28,08:00 PM ET,34,Stade Rennais FC 1901,Angers,SCHEDULED,ligue1:football-data:559419,559419,football-data.org,2026-10-02T15:22:52.213545+00:00,2027-05-29T00:00:00+00:00
2027-05-28,08:00 PM ET,34,Lyon,Paris FC,SCHEDULED,ligue1:football-data:559420,559420,football-data.org,2026-10-02T15:22:52.213545+00:00,2027-05-29T00:00:00+00:00
2027-05-28,08:00 PM ET,34,Auxerre,Le Havre,SCHEDULED,ligue1:football-data:559421,559421,football-data.org,2026-10-02T15:22:52.213545+00:00,2027-05-29T00:00:00+00:00
2027-05-28,08:00 PM ET,34,Strasbourg,Nice,SCHEDULED,ligue1:football-data:559422,559422,football-data.org,2026-10-02T15:22:52.213545+00:00,2027-05-29T00:00:00+00:00
