MatchDate,HomeTeam,AwayTeam,FullTimeHomeGoals,FullTimeAwayGoals,FullTimeResult,HalfTimeHomeGoals,HalfTimeAwayGoals,HalfTimeResult,HomeShots,AwayShots,HomeShotsOnTarget,AwayShotsOnTarget,HomeFouls,AwayFouls,HomeCorners,AwayCorners,HomeYellowCards,AwayYellowCards,HomeRedCards,AwayRedCards,Bet365_HomeWinOdds,Bet365_DrawOdds,Bet365_AwayWinOdds,BW_HomeWinOdds,BW_DrawOdds,BW_AwayWinOdds,Bet365_CloseHomeWinOdds,Bet365_CloseDrawOdds,Bet365_CloseAwayWinOdds,Season
2026-08-21,Marseille,Strasbourg,4,0,H,0,0,D,14,5,8,2,6,12,3,4,1,2,0,1,1.73,4.1,4.33,1.73,4.1,4.33,1.75,4.1,4.2,2026-27
2026-08-22,Lens,Auxerre,5,2,H,1,0,H,12,10,9,4,6,21,4,7,1,1,0,1,1.55,4.5,5.25,1.58,4.33,5.25,1.42,4.5,7.5,2026-27
2026-08-22,Le Mans,Brest,2,2,D,1,1,D,8,26,5,7,14,12,1,10,1,1,0,0,2.55,3.4,2.7,2.55,3.4,2.65,2.5,3.3,2.8,2026-27
2026-08-22,Nice,Lorient,0,0,D,0,0,D,14,10,1,2,15,8,9,3,1,0,0,0,2.1,3.5,3.4,2.1,3.6,3.3,2.3,3.3,3.2,2026-27
2026-08-22,Toulouse,Lyon,0,2,A,0,0,D,17,11,2,3,15,15,6,5,1,2,0,0,2.8,3.4,2.5,2.7,3.5,2.45,2.2,3.5,3.2,2026-27
2026-08-22,Troyes,Paris FC,0,0,D,0,0,D,9,10,2,1,8,14,6,2,2,1,0,0,3.1,3.4,2.3,2.9,3.5,2.3,3.5,3.4,2.1,2026-27
2026-08-23,Angers,Lille,0,2,A,0,2,A,20,11,2,8,11,13,8,3,2,2,0,0,5.0,3.7,1.7,5.0,3.6,1.71,5.0,3.6,1.73,2026-27
2026-08-23,Le Havre,Monaco,0,1,A,0,1,A,15,15,4,7,13,12,7,4,3,2,0,0,3.6,4.0,1.91,3.7,3.9,1.88,4.2,3.5,1.9,2026-27
2026-08-23,Rennes,Paris SG,2,2,D,2,0,H,9,19,3,5,7,6,0,10,2,2,0,0,5.75,4.75,1.5,5.5,4.5,1.52,6.0,5.0,1.45,2026-27
2026-08-28,Lille,Paris SG,2,2,D,1,0,H,9,18,4,4,11,7,0,5,2,1,0,0,5.0,3.8,1.7,4.75,3.9,1.71,4.5,3.8,1.73,2026-27
2026-08-29,Strasbourg,Lens,2,1,H,0,1,A,16,17,7,7,10,11,3,6,2,2,0,0,3.5,3.6,2.05,3.4,3.7,2.05,3.9,3.8,1.85,2026-27
2026-08-29,Auxerre,Angers,1,3,A,1,1,D,20,15,7,6,16,6,7,10,3,2,0,0,1.95,3.5,4.1,1.93,3.5,3.9,2.2,3.3,3.4,2026-27
2026-08-29,Brest,Toulouse,2,2,D,1,1,D,26,6,7,2,19,18,7,2,2,3,0,0,2.63,3.4,2.63,2.6,3.4,2.6,2.35,3.4,2.9,2026-27
2026-08-29,Lorient,Troyes,1,2,A,0,2,A,15,11,6,2,9,11,2,5,0,0,0,0,1.8,3.6,4.5,1.85,3.6,4.1,1.95,3.3,4.2,2026-27
2026-08-29,Lyon,Le Havre,1,1,D,0,0,D,16,12,5,4,7,16,5,5,0,2,0,0,1.44,4.5,7.0,1.49,4.5,6.25,1.4,5.0,7.0,2026-27
2026-08-30,Paris FC,Nice,3,0,H,1,0,H,15,15,4,4,7,7,2,4,0,1,0,0,2.05,3.3,3.8,2.05,3.4,3.6,1.95,3.4,4.0,2026-27
2026-08-30,Rennes,Le Mans,3,2,H,2,1,H,22,12,8,5,15,15,8,6,3,2,0,1,1.44,5.0,6.5,1.44,4.75,6.75,1.38,5.25,7.0,2026-27
2026-08-30,Monaco,Marseille,2,0,H,1,0,H,11,13,5,2,9,10,5,7,4,0,0,0,2.4,3.7,2.75,2.4,3.7,2.65,2.2,3.5,3.2,2026-27
2026-09-03,Toulouse,Lille,0,1,A,0,0,D,24,10,10,6,16,9,6,2,1,0,0,0,3.25,3.25,2.15,3.4,3.4,2.1,3.6,3.5,2.05,2026-27
2026-09-04,Lyon,Auxerre,3,1,H,2,1,H,21,8,7,3,11,8,9,5,2,2,0,0,1.42,4.5,7.5,1.46,4.6,6.5,1.42,5.0,6.5,2026-27
2026-09-04,Paris SG,Monaco,1,2,A,1,0,H,23,4,10,2,9,11,6,0,1,1,0,0,1.33,5.75,7.5,1.35,5.75,7.0,1.3,5.75,8.0,2026-27
2026-09-05,Lens,Lorient,0,1,A,0,0,D,17,8,6,3,18,6,8,0,4,1,1,0,1.45,4.33,7.0,1.47,4.6,6.25,1.5,4.33,6.25,2026-27
2026-09-05,Le Havre,Brest,1,2,A,0,1,A,18,19,4,9,15,18,5,5,1,1,1,0,2.63,3.25,2.7,2.55,3.25,2.75,2.9,3.2,2.5,2026-27
2026-09-05,Nice,Le Mans,1,1,D,1,1,D,8,8,2,3,4,11,5,2,2,2,0,0,1.85,3.6,4.33,1.83,3.7,4.2,1.62,4.0,5.25,2026-27
2026-09-06,Troyes,Strasbourg,2,6,A,1,2,A,27,19,6,12,6,16,11,0,1,1,0,0,3.1,3.4,2.3,3.0,3.4,2.3,2.75,3.4,2.5,2026-27
2026-09-06,Angers,Rennes,1,2,A,1,2,A,19,17,3,5,10,15,12,6,1,1,0,0,4.0,3.75,1.85,3.75,3.9,1.87,4.5,4.0,1.7,2026-27
2026-09-06,Marseille,Paris FC,2,3,A,1,2,A,14,18,5,7,10,12,5,4,0,2,0,0,1.75,3.8,4.33,1.77,3.9,4.2,1.9,3.75,3.8,2026-27
2026-09-11,Rennes,Marseille,1,0,H,0,0,D,20,13,7,5,15,13,3,5,1,4,0,0,2.1,3.8,3.2,2.05,3.9,3.1,1.95,3.8,3.5,2026-27
2026-09-12,Strasbourg,Monaco,1,1,D,0,0,D,13,12,2,3,9,10,2,7,1,1,0,0,3.1,3.75,2.15,3.1,3.75,2.15,3.0,3.7,2.25,2026-27
2026-09-12,Auxerre,Nice,1,0,H,0,0,D,11,12,7,4,9,7,3,8,1,1,0,0,2.63,3.3,2.75,2.55,3.4,2.7,2.9,3.3,2.45,2026-27
2026-09-12,Le Havre,Angers,0,0,D,0,0,D,15,9,6,1,15,13,4,6,1,1,0,0,2.55,3.2,2.88,2.45,3.25,2.95,2.6,3.4,2.63,2026-27
2026-09-12,Lorient,Toulouse,2,2,D,2,0,H,10,13,3,4,8,18,4,3,1,0,0,0,2.63,3.25,2.75,2.6,3.4,2.65,2.3,3.3,3.1,2026-27
2026-09-12,Paris FC,Lyon,0,0,D,0,0,D,6,5,4,1,19,13,4,3,2,1,0,0,2.55,3.6,2.55,2.6,3.6,2.5,2.45,3.6,2.63,2026-27
2026-09-13,Lille,Troyes,2,0,H,1,0,H,13,8,6,1,11,20,2,5,1,0,0,0,1.4,4.75,7.5,1.41,4.8,7.25,1.5,4.5,6.0,2026-27
2026-09-13,Le Mans,Lens,2,2,D,2,1,H,13,16,5,6,17,11,3,9,2,3,0,0,4.75,4.2,1.65,5.0,4.2,1.62,4.75,4.33,1.62,2026-27
2026-09-13,Brest,Paris SG,0,1,A,0,1,A,16,15,4,7,13,7,3,2,1,2,0,0,11.0,5.75,1.27,9.5,6.0,1.29,12.0,6.5,1.22,2026-27
2026-09-18,Monaco,Lens,2,1,H,1,0,H,9,12,6,4,13,11,2,8,1,1,0,0,2.05,3.7,3.4,2.0,3.7,3.4,1.8,3.9,4.1,2026-27
2026-09-19,Paris FC,Strasbourg,2,1,H,1,0,H,17,5,7,1,17,12,3,0,3,2,0,0,1.95,3.75,3.6,2.05,3.7,3.4,1.8,3.9,4.1,2026-27
2026-09-19,Angers,Troyes,2,0,H,1,0,H,12,19,3,3,14,15,2,11,3,2,0,0,2.2,3.3,3.4,2.2,3.3,3.25,2.05,3.5,3.7,2026-27
2026-09-19,Le Mans,Lorient,2,1,H,1,0,H,11,9,7,2,15,15,1,3,3,3,0,0,2.7,3.3,2.63,2.65,3.4,2.55,2.9,3.1,2.6,2026-27
2026-09-19,Lyon,Rennes,4,0,H,2,0,H,15,13,9,4,13,14,3,8,4,2,0,0,2.1,3.7,3.2,2.1,3.8,3.1,2.1,3.7,3.2,2026-27
2026-09-19,Toulouse,Le Havre,3,2,H,0,0,D,14,18,5,7,17,15,6,7,3,1,0,0,1.7,3.75,5.0,1.73,3.9,4.5,1.65,4.0,5.0,2026-27
2026-09-20,Auxerre,Brest,2,1,H,0,1,A,11,8,4,2,19,13,8,3,1,1,0,0,2.88,3.5,2.45,2.8,3.6,2.37,2.9,3.7,2.3,2026-27
2026-09-20,Nice,Lille,2,1,H,1,0,H,10,21,4,8,16,9,3,7,3,1,0,0,3.6,3.5,2.05,3.5,3.5,2.05,3.1,3.6,2.2,2026-27
2026-09-20,Marseille,Paris SG,1,2,A,0,0,D,12,31,4,10,9,3,3,7,2,1,1,0,7.0,5.0,1.4,6.25,5.25,1.43,6.5,5.0,1.42,2026-27
