Date,HomeTeam,AwayTeam,Bookmaker,HomeWinOdds,DrawOdds,AwayWinOdds,ImpliedProb_HomeWin,ImpliedProb_Draw,ImpliedProb_AwayWin,BookmakerMargin
2026-10-10,Monaco,Toulouse,BetMGM,1.625,4.2,4.8,0.5796,0.2242,0.1962,6.18
2026-10-10,Monaco,Toulouse,DraftKings,1.6451612903225805,4.2,4.9,0.5789,0.2268,0.1944,5.0
2026-10-10,Brest,Angers,BetMGM,1.925925925925926,3.75,3.7,0.4916,0.2525,0.2559,5.62
2026-10-10,Brest,Angers,DraftKings,1.9523809523809523,3.7,3.75,0.4882,0.2576,0.2542,4.91
2026-10-10,Lorient,Paris FC,BetMGM,3.5,3.4,2.1,0.2706,0.2785,0.4509,5.6
2026-10-10,Lorient,Paris FC,DraftKings,3.65,3.4,2.1,0.2624,0.2816,0.456,4.43
2026-10-10,Paris SG,Le Mans,BetMGM,1.1428571428571428,9.75,15.5,0.8397,0.0984,0.0619,4.21
2026-10-10,Paris SG,Le Mans,DraftKings,1.125,10.0,18.0,0.8511,0.0957,0.0532,4.44
2026-10-11,Nice,Strasbourg,BetMGM,2.25,3.6,2.95,0.4188,0.2618,0.3194,6.12
2026-10-11,Nice,Strasbourg,DraftKings,2.35,3.6,2.95,0.4083,0.2665,0.3252,4.23
2026-10-11,Stade Rennes,Auxerre,BetMGM,1.425531914893617,5.0,6.5,0.6647,0.1895,0.1458,5.53
2026-10-11,Stade Rennes,Auxerre,DraftKings,1.4444444444444444,5.0,6.5,0.6618,0.1912,0.1471,4.62
2026-10-11,Troyes,Marseille,BetMGM,3.7,3.8,1.9090909090909092,0.2556,0.2489,0.4955,5.72
2026-10-11,Troyes,Marseille,DraftKings,3.75,3.9,1.9090909090909092,0.2547,0.2449,0.5003,4.69
2026-10-16,Le Mans,Toulouse,DraftKings,3.1,3.4,2.25,0.304,0.2772,0.4188,6.11
2026-10-17,Strasbourg,Paris SG,DraftKings,6.0,5.25,1.4081632653061225,0.1562,0.1785,0.6654,6.73
2026-10-17,Troyes,Lens,DraftKings,4.0,3.95,1.8,0.2361,0.2391,0.5247,5.87
2026-10-18,Angers,Marseille,DraftKings,3.0,3.55,2.1,0.3055,0.2581,0.4364,9.12
2026-10-18,Le Havre,Auxerre,DraftKings,2.35,3.25,2.8,0.3903,0.2822,0.3275,9.04
2026-10-18,Lorient,Monaco,DraftKings,3.25,3.3,2.05,0.2801,0.2759,0.4441,9.85
2026-10-18,Lyon,Nice,DraftKings,1.625,3.9,4.6,0.565,0.2354,0.1996,8.92
