Feature,Importance
AwayCopaCongestion,0.0
HomeCopaCongestion,0.0
HomeGoals_Avg_L5,0.02690968
HomeVenueWinRate_L10,0.027050532
AwayWinRate_L10,0.027647369
AwayGoals_Avg_L5,0.027826529
AwayRestDays,0.028111847
HomeVenueConceded_Avg_L5,0.028360385
AwayVenueGoals_Avg_L5,0.028863676
AwayShots_Avg_L5,0.028929528
HomeVenueGoals_Avg_L5,0.028973475
AwayVenueConceded_Avg_L5,0.029715985
HomeConceded_Avg_L5,0.029903842
HomeRestDays,0.030100852
HomeElo,0.030123504
HomeShots_Avg_L5,0.030130826
AwayMomentum_L3,0.030191552
HomeMomentum_L3,0.030465718
AwayElo,0.030504223
HomeSOT_Avg_L5,0.030604461
AwaySOT_Avg_L5,0.030654663
AwayConceded_Avg_L5,0.030690992
AwayVenueWinRate_L10,0.031787906
EloDiff,0.032719973
HomeWinRate_L10,0.03333323
ImpliedProb_Draw,0.036641467
MarketEntropy,0.036870893
ImpliedProb_AwayWin,0.04544804
MarketHomeEdge,0.058815945
ImpliedProb_HomeWin,0.06282225
MarketAwayEdge,0.07580067
