Season,SeasonStart,#,Team,Played,W,D,L,GF,GA,GD,Pts,Form
2015-16,2015-08-01,1,Paris SG,400,290,62,48,993,342,651,932,🟡 🟡 🔴 🟢 🟢
2015-16,2015-08-01,2,Monaco,401,211,90,100,741,507,234,723,🟢 🟢 🟢 🟡 🟢
2015-16,2015-08-01,3,Lyon,401,206,85,110,735,492,243,703,🟢 🟡 🟢 🟡 🟢
2015-16,2015-08-01,4,Marseille,401,194,103,104,666,477,189,685,🟢 🔴 🔴 🔴 🔴
2015-16,2015-08-01,5,Lille,401,186,105,110,564,427,137,663,🟢 🟡 🟢 🟢 🔴
2015-16,2015-08-01,6,Nice,401,171,108,122,541,464,77,621,🟡 🔴 🟡 🔴 🟢
2015-16,2015-08-01,7,Rennes,401,171,97,133,605,490,115,610,🟡 🟢 🟢 🟢 🔴
2015-16,2015-08-01,8,Nantes,396,117,109,170,422,535,-113,460,🔴 🔴 🟢 🔴 🟡
2015-16,2015-08-01,9,Montpellier,362,116,95,151,461,534,-73,443,🔴 🟡 🔴 🔴 🔴
2015-16,2015-08-01,10,Strasbourg,324,111,93,120,456,458,-2,426,🔴 🟢 🟢 🟡 🔴
2015-16,2015-08-01,11,Angers,367,103,95,169,378,521,-143,404,🔴 🟢 🔴 🟡 🟢
2015-16,2015-08-01,12,Lens,221,109,53,59,347,251,96,380,🟢 🔴 🔴 🟡 🔴
2015-16,2015-08-01,13,St Etienne,290,98,73,119,341,423,-82,367,🟢 🔴 🔴 🟢 🔴
2015-16,2015-08-01,14,Toulouse,325,87,94,144,368,466,-98,355,🔴 🟡 🔴 🟡 🟢
2015-16,2015-08-01,15,Reims,286,86,96,104,314,353,-39,354,🟢 🟡 🔴 🔴 🔴
2015-16,2015-08-01,16,Brest,249,86,64,99,332,370,-38,322,🟡 🟡 🟢 🔴 🔴
2015-16,2015-08-01,17,Bordeaux,256,81,75,100,324,371,-47,318,🔴 🔴 🔴 🟡 🟢
2015-16,2015-08-01,18,Lorient,263,74,72,117,324,435,-111,294,🟡 🔴 🟢 🟡 🔴
2015-16,2015-08-01,19,Metz,248,54,65,129,246,434,-188,227,🔴 🟡 🔴 🔴 🟡
2015-16,2015-08-01,20,Dijon,180,41,47,92,184,301,-117,170,🔴 🔴 🔴 🔴 🟢
2015-16,2015-08-01,21,Guingamp,152,42,42,68,169,236,-67,168,🔴 🟡 🟡 🟡 🔴
2015-16,2015-08-01,22,Caen,152,43,33,76,131,223,-92,162,🟢 🟡 🟢 🔴 🔴
2015-16,2015-08-01,23,Clermont,110,31,27,52,109,178,-69,120,🔴 🟢 🔴 🔴 🔴
2015-16,2015-08-01,24,Auxerre,111,29,30,52,124,170,-46,117,🔴 🔴 🔴 🟢 🟢
2015-16,2015-08-01,25,Troyes,157,26,39,92,146,287,-141,117,🟡 🟢 🔴 🔴 🔴
2015-16,2015-08-01,26,Nimes,104,31,22,51,126,173,-47,115,🔴 🟡 🟢 🔴 🔴
2015-16,2015-08-01,27,Amiens,104,25,31,48,99,144,-45,106,🔴 🟡 🟡 🔴 🟡
2015-16,2015-08-01,28,Le Havre,107,24,31,52,110,167,-57,103,🔴 🟡 🔴 🟡 🔴
2015-16,2015-08-01,29,Bastia,76,22,18,36,65,99,-34,84,🔴 🟢 🔴 🟢 🔴
2015-16,2015-08-01,30,Paris FC,39,14,13,12,55,53,2,55,🟡 🟢 🟢 🟡 🟢
2015-16,2015-08-01,31,Ajaccio GFCO,38,8,13,17,37,58,-21,37,🔴 🟢 🔴 🔴 🔴
2015-16,2015-08-01,32,Nancy,38,9,8,21,29,52,-23,35,🟡 🔴 🔴 🔴 🟢
2015-16,2015-08-01,33,Ajaccio,38,7,5,26,23,74,-51,26,🟡 🔴 🔴 🔴 🟢
2015-16,2015-08-01,34,Le Mans,5,1,3,1,9,9,0,6,🟡 🔴 🟡 🟡 🟢
2016-17,2016-08-01,1,Paris SG,362,260,56,46,891,323,568,836,🟡 🟡 🔴 🟢 🟢
2016-17,2016-08-01,2,Monaco,363,194,76,93,684,457,227,658,🟢 🟢 🟢 🟡 🟢
2016-17,2016-08-01,3,Lyon,363,187,77,99,668,449,219,638,🟢 🟡 🟢 🟡 🟢
2016-17,2016-08-01,4,Marseille,363,184,85,94,618,435,183,637,🟢 🔴 🔴 🔴 🔴
2016-17,2016-08-01,5,Lille,363,171,90,102,525,400,125,603,🟢 🟡 🟢 🟢 🔴
2016-17,2016-08-01,6,Rennes,363,158,84,121,553,436,117,558,🟡 🟢 🟢 🟢 🔴
2016-17,2016-08-01,7,Nice,363,153,99,111,483,423,60,558,🟡 🔴 🟡 🔴 🟢
2016-17,2016-08-01,8,Strasbourg,324,111,93,120,456,458,-2,426,🔴 🟢 🟢 🟡 🔴
2016-17,2016-08-01,9,Nantes,358,105,97,156,389,491,-102,412,🔴 🔴 🟢 🔴 🟡
2016-17,2016-08-01,10,Montpellier,324,102,88,134,412,487,-75,394,🔴 🟡 🔴 🔴 🔴
2016-17,2016-08-01,11,Lens,221,109,53,59,347,251,96,380,🟢 🔴 🔴 🟡 🔴
2016-17,2016-08-01,12,Angers,329,90,84,155,338,483,-145,354,🔴 🟢 🔴 🟡 🟢
2016-17,2016-08-01,13,Brest,249,86,64,99,332,370,-38,322,🟡 🟡 🟢 🔴 🔴
2016-17,2016-08-01,14,Reims,248,76,87,85,270,296,-26,315,🟢 🟡 🔴 🔴 🔴
2016-17,2016-08-01,15,Toulouse,287,78,81,128,323,411,-88,315,🔴 🟡 🔴 🟡 🟢
2016-17,2016-08-01,16,St Etienne,252,81,66,105,299,386,-87,309,🟢 🔴 🔴 🟢 🔴
2016-17,2016-08-01,17,Bordeaux,218,69,61,88,274,314,-40,268,🔴 🔴 🔴 🟡 🟢
2016-17,2016-08-01,18,Lorient,225,63,59,103,277,377,-100,248,🟡 🔴 🟢 🟡 🔴
2016-17,2016-08-01,19,Metz,248,54,65,129,246,434,-188,227,🔴 🟡 🔴 🔴 🟡
2016-17,2016-08-01,20,Dijon,180,41,47,92,184,301,-117,170,🔴 🔴 🔴 🔴 🟢
2016-17,2016-08-01,21,Guingamp,114,31,31,52,122,180,-58,124,🔴 🟡 🟡 🟡 🔴
2016-17,2016-08-01,22,Clermont,110,31,27,52,109,178,-69,120,🔴 🟢 🔴 🔴 🔴
2016-17,2016-08-01,23,Auxerre,111,29,30,52,124,170,-46,117,🔴 🔴 🔴 🟢 🟢
2016-17,2016-08-01,24,Nimes,104,31,22,51,126,173,-47,115,🔴 🟡 🟢 🔴 🔴
2016-17,2016-08-01,25,Caen,114,27,27,60,92,171,-79,108,🟢 🟡 🟢 🔴 🔴
2016-17,2016-08-01,26,Amiens,104,25,31,48,99,144,-45,106,🔴 🟡 🟡 🔴 🟡
2016-17,2016-08-01,27,Le Havre,107,24,31,52,110,167,-57,103,🔴 🟡 🔴 🟡 🔴
2016-17,2016-08-01,28,Troyes,119,23,30,66,118,204,-86,99,🟡 🟢 🔴 🔴 🔴
2016-17,2016-08-01,29,Paris FC,39,14,13,12,55,53,2,55,🟡 🟢 🟢 🟡 🟢
2016-17,2016-08-01,30,Nancy,38,9,8,21,29,52,-23,35,🟡 🔴 🔴 🔴 🟢
2016-17,2016-08-01,31,Bastia,38,8,10,20,29,57,-28,34,🔴 🟢 🔴 🟢 🔴
2016-17,2016-08-01,32,Ajaccio,38,7,5,26,23,74,-51,26,🟡 🔴 🔴 🔴 🟢
2016-17,2016-08-01,33,Le Mans,5,1,3,1,9,9,0,6,🟡 🔴 🟡 🟡 🟢
2017-18,2017-08-01,1,Paris SG,324,233,50,41,808,296,512,749,🟡 🟡 🔴 🟢 🟢
2017-18,2017-08-01,2,Marseille,325,167,74,84,561,394,167,575,🟢 🔴 🔴 🔴 🔴
2017-18,2017-08-01,3,Lyon,325,166,73,86,588,401,187,571,🟢 🟡 🟢 🟡 🟢
2017-18,2017-08-01,4,Monaco,325,164,71,90,577,426,151,563,🟢 🟢 🟢 🟡 🟢
2017-18,2017-08-01,5,Lille,325,158,83,84,485,353,132,557,🟢 🟡 🟢 🟢 🔴
2017-18,2017-08-01,6,Rennes,325,146,70,109,517,394,123,508,🟡 🟢 🟢 🟢 🔴
2017-18,2017-08-01,7,Nice,325,131,87,107,420,387,33,480,🟡 🔴 🟡 🔴 🟢
2017-18,2017-08-01,8,Strasbourg,324,111,93,120,456,458,-2,426,🔴 🟢 🟢 🟡 🔴
2017-18,2017-08-01,9,Lens,221,109,53,59,347,251,96,380,🟢 🔴 🔴 🟡 🔴
2017-18,2017-08-01,10,Nantes,320,91,88,141,349,437,-88,361,🔴 🔴 🟢 🔴 🟡
2017-18,2017-08-01,11,Montpellier,286,92,79,115,364,421,-57,355,🔴 🟡 🔴 🔴 🔴
2017-18,2017-08-01,12,Brest,249,86,64,99,332,370,-38,322,🟡 🟡 🟢 🔴 🔴
2017-18,2017-08-01,13,Reims,248,76,87,85,270,296,-26,315,🟢 🟡 🔴 🔴 🔴
2017-18,2017-08-01,14,Angers,291,77,77,137,298,434,-136,308,🔴 🟢 🔴 🟡 🟢
2017-18,2017-08-01,15,Toulouse,249,68,67,114,286,370,-84,271,🔴 🟡 🔴 🟡 🟢
2017-18,2017-08-01,16,St Etienne,214,69,52,93,258,344,-86,259,🟢 🔴 🔴 🟢 🔴
2017-18,2017-08-01,17,Lorient,187,53,53,81,233,307,-74,212,🟡 🔴 🟢 🟡 🔴
2017-18,2017-08-01,18,Bordeaux,180,54,47,79,221,271,-50,209,🔴 🔴 🔴 🟡 🟢
2017-18,2017-08-01,19,Metz,210,43,55,112,207,362,-155,184,🔴 🟡 🔴 🔴 🟡
2017-18,2017-08-01,20,Dijon,142,33,34,75,138,243,-105,133,🔴 🔴 🔴 🔴 🟢
2017-18,2017-08-01,21,Clermont,110,31,27,52,109,178,-69,120,🔴 🟢 🔴 🔴 🔴
2017-18,2017-08-01,22,Auxerre,111,29,30,52,124,170,-46,117,🔴 🔴 🔴 🟢 🟢
2017-18,2017-08-01,23,Nimes,104,31,22,51,126,173,-47,115,🔴 🟡 🟢 🔴 🔴
2017-18,2017-08-01,24,Amiens,104,25,31,48,99,144,-45,106,🔴 🟡 🟡 🔴 🟡
2017-18,2017-08-01,25,Le Havre,107,24,31,52,110,167,-57,103,🔴 🟡 🔴 🟡 🔴
2017-18,2017-08-01,26,Troyes,119,23,30,66,118,204,-86,99,🟡 🟢 🔴 🔴 🔴
2017-18,2017-08-01,27,Guingamp,76,17,23,36,76,127,-51,74,🔴 🟡 🟡 🟡 🔴
2017-18,2017-08-01,28,Caen,76,17,20,39,56,106,-50,71,🟢 🟡 🟢 🔴 🔴
2017-18,2017-08-01,29,Paris FC,39,14,13,12,55,53,2,55,🟡 🟢 🟢 🟡 🟢
2017-18,2017-08-01,30,Ajaccio,38,7,5,26,23,74,-51,26,🟡 🔴 🔴 🔴 🟢
2017-18,2017-08-01,31,Le Mans,5,1,3,1,9,9,0,6,🟡 🔴 🟡 🟡 🟢
2018-19,2018-08-01,1,Paris SG,286,204,44,38,700,267,433,656,🟡 🟡 🔴 🟢 🟢
2018-19,2018-08-01,2,Lille,287,148,75,64,444,286,158,519,🟢 🟡 🟢 🟢 🔴
2018-19,2018-08-01,3,Marseille,287,145,63,79,481,347,134,498,🟢 🔴 🔴 🔴 🔴
2018-19,2018-08-01,4,Lyon,287,143,64,80,501,358,143,493,🟢 🟡 🟢 🟡 🟢
2018-19,2018-08-01,5,Monaco,287,140,63,84,492,381,111,483,🟢 🟢 🟢 🟡 🟢
2018-19,2018-08-01,6,Rennes,287,130,60,97,467,350,117,450,🟡 🟢 🟢 🟢 🔴
2018-19,2018-08-01,7,Nice,287,116,78,93,367,335,32,426,🟡 🔴 🟡 🔴 🟢
2018-19,2018-08-01,8,Strasbourg,286,102,82,102,412,391,21,388,🔴 🟢 🟢 🟡 🔴
2018-19,2018-08-01,9,Lens,221,109,53,59,347,251,96,380,🟢 🔴 🔴 🟡 🔴
2018-19,2018-08-01,10,Brest,249,86,64,99,332,370,-38,322,🟡 🟡 🟢 🔴 🔴
2018-19,2018-08-01,11,Reims,248,76,87,85,270,296,-26,315,🟢 🟡 🔴 🔴 🔴
2018-19,2018-08-01,12,Nantes,282,77,78,127,313,396,-83,309,🔴 🔴 🟢 🔴 🟡
2018-19,2018-08-01,13,Montpellier,248,81,61,106,328,388,-60,304,🔴 🟡 🔴 🔴 🔴
2018-19,2018-08-01,14,Angers,253,68,63,122,256,382,-126,267,🔴 🟢 🔴 🟡 🟢
2018-19,2018-08-01,15,Toulouse,211,59,57,95,248,316,-68,234,🔴 🟡 🔴 🟡 🟢
2018-19,2018-08-01,16,Lorient,187,53,53,81,233,307,-74,212,🟡 🔴 🟢 🟡 🔴
2018-19,2018-08-01,17,St Etienne,176,54,42,80,211,294,-83,204,🟢 🔴 🔴 🟢 🔴
2018-19,2018-08-01,18,Metz,172,37,47,88,173,286,-113,158,🔴 🟡 🔴 🔴 🟡
2018-19,2018-08-01,19,Bordeaux,142,38,40,64,168,223,-55,154,🔴 🔴 🔴 🟡 🟢
2018-19,2018-08-01,20,Clermont,110,31,27,52,109,178,-69,120,🔴 🟢 🔴 🔴 🔴
2018-19,2018-08-01,21,Auxerre,111,29,30,52,124,170,-46,117,🔴 🔴 🔴 🟢 🟢
2018-19,2018-08-01,22,Nimes,104,31,22,51,126,173,-47,115,🔴 🟡 🟢 🔴 🔴
2018-19,2018-08-01,23,Le Havre,107,24,31,52,110,167,-57,103,🔴 🟡 🔴 🟡 🔴
2018-19,2018-08-01,24,Dijon,104,20,25,59,83,170,-87,85,🔴 🔴 🔴 🔴 🟢
2018-19,2018-08-01,25,Troyes,81,14,24,43,86,145,-59,66,🟡 🟢 🔴 🔴 🔴
2018-19,2018-08-01,26,Amiens,66,13,22,31,62,102,-40,61,🔴 🟡 🟡 🔴 🟡
2018-19,2018-08-01,27,Paris FC,39,14,13,12,55,53,2,55,🟡 🟢 🟢 🟡 🟢
2018-19,2018-08-01,28,Caen,38,7,12,19,29,54,-25,33,🟢 🟡 🟢 🔴 🔴
2018-19,2018-08-01,29,Guingamp,38,5,12,21,28,68,-40,27,🔴 🟡 🟡 🟡 🔴
2018-19,2018-08-01,30,Ajaccio,38,7,5,26,23,74,-51,26,🟡 🔴 🔴 🔴 🟢
2018-19,2018-08-01,31,Le Mans,5,1,3,1,9,9,0,6,🟡 🔴 🟡 🟡 🟢
2019-20,2019-08-01,1,Paris SG,248,175,40,33,595,232,363,565,🟡 🟡 🔴 🟢 🟢
2019-20,2019-08-01,2,Monaco,249,132,51,66,454,324,130,447,🟢 🟢 🟢 🟡 🟢
2019-20,2019-08-01,3,Lille,249,126,66,57,376,253,123,444,🟢 🟡 🟢 🟢 🔴
2019-20,2019-08-01,4,Marseille,249,127,56,66,421,295,126,437,🟢 🔴 🔴 🔴 🔴
2019-20,2019-08-01,5,Lyon,249,122,55,72,431,311,120,421,🟢 🟡 🟢 🟡 🟢
2019-20,2019-08-01,6,Rennes,249,117,47,85,412,298,114,398,🟡 🟢 🟢 🟢 🔴
2019-20,2019-08-01,7,Lens,221,109,53,59,347,251,96,380,🟢 🔴 🔴 🟡 🔴
2019-20,2019-08-01,8,Nice,249,101,67,81,337,300,37,370,🟡 🔴 🟡 🔴 🟢
2019-20,2019-08-01,9,Strasbourg,248,91,66,91,354,343,11,339,🔴 🟢 🟢 🟡 🔴
2019-20,2019-08-01,10,Brest,249,86,64,99,332,370,-38,322,🟡 🟡 🟢 🔴 🔴
2019-20,2019-08-01,11,Nantes,244,64,69,111,265,348,-83,261,🔴 🔴 🟢 🔴 🟡
2019-20,2019-08-01,12,Reims,210,63,71,76,231,254,-23,260,🟢 🟡 🔴 🔴 🔴
2019-20,2019-08-01,13,Montpellier,210,66,47,97,275,346,-71,245,🔴 🟡 🔴 🔴 🔴
2019-20,2019-08-01,14,Angers,215,58,47,110,212,333,-121,221,🔴 🟢 🔴 🟡 🟢
2019-20,2019-08-01,15,Lorient,187,53,53,81,233,307,-74,212,🟡 🔴 🟢 🟡 🔴
2019-20,2019-08-01,16,Toulouse,173,51,43,79,213,259,-46,196,🔴 🟡 🔴 🟡 🟢
2019-20,2019-08-01,17,Metz,172,37,47,88,173,286,-113,158,🔴 🟡 🔴 🔴 🟡
2019-20,2019-08-01,18,St Etienne,138,35,33,70,152,253,-101,138,🟢 🔴 🔴 🟢 🔴
2019-20,2019-08-01,19,Clermont,110,31,27,52,109,178,-69,120,🔴 🟢 🔴 🔴 🔴
2019-20,2019-08-01,20,Auxerre,111,29,30,52,124,170,-46,117,🔴 🔴 🔴 🟢 🟢
2019-20,2019-08-01,21,Bordeaux,104,28,29,47,134,181,-47,113,🔴 🔴 🔴 🟡 🟢
2019-20,2019-08-01,22,Le Havre,107,24,31,52,110,167,-57,103,🔴 🟡 🔴 🟡 🔴
2019-20,2019-08-01,23,Troyes,81,14,24,43,86,145,-59,66,🟡 🟢 🔴 🔴 🔴
2019-20,2019-08-01,24,Nimes,66,16,14,36,69,115,-46,62,🔴 🟡 🟢 🔴 🔴
2019-20,2019-08-01,25,Paris FC,39,14,13,12,55,53,2,55,🟡 🟢 🟢 🟡 🟢
2019-20,2019-08-01,26,Dijon,66,11,18,37,52,110,-58,51,🔴 🔴 🔴 🔴 🟢
2019-20,2019-08-01,27,Ajaccio,38,7,5,26,23,74,-51,26,🟡 🔴 🔴 🔴 🟢
2019-20,2019-08-01,28,Amiens,28,4,11,13,31,50,-19,23,🔴 🟡 🟡 🔴 🟡
2019-20,2019-08-01,29,Le Mans,5,1,3,1,9,9,0,6,🟡 🔴 🟡 🟡 🟢
2020-21,2020-08-01,1,Paris SG,221,153,38,30,520,208,312,497,🟡 🟡 🔴 🟢 🟢
2020-21,2020-08-01,2,Monaco,221,121,44,56,410,280,130,407,🟢 🟢 🟢 🟡 🟢
2020-21,2020-08-01,3,Lille,221,111,62,48,341,226,115,395,🟢 🟡 🟢 🟢 🔴
2020-21,2020-08-01,4,Marseille,221,111,48,62,380,266,114,381,🟢 🔴 🔴 🔴 🔴
2020-21,2020-08-01,5,Lyon,221,111,48,62,389,284,105,381,🟢 🟡 🟢 🟡 🟢
2020-21,2020-08-01,6,Lens,221,109,53,59,347,251,96,380,🟢 🔴 🔴 🟡 🔴
2020-21,2020-08-01,7,Rennes,221,102,42,77,374,274,100,348,🟡 🟢 🟢 🟢 🔴
2020-21,2020-08-01,8,Nice,221,90,59,72,296,262,34,329,🟡 🔴 🟡 🔴 🟢
2020-21,2020-08-01,9,Strasbourg,221,80,61,80,322,311,11,301,🔴 🟢 🟢 🟡 🔴
2020-21,2020-08-01,10,Brest,221,78,54,89,298,333,-35,288,🟡 🟡 🟢 🔴 🔴
2020-21,2020-08-01,11,Nantes,216,53,65,98,237,317,-80,224,🔴 🔴 🟢 🔴 🟡
2020-21,2020-08-01,12,Reims,182,53,60,69,205,233,-28,219,🟢 🟡 🔴 🔴 🔴
2020-21,2020-08-01,13,Lorient,187,53,53,81,233,307,-74,212,🟡 🔴 🟢 🟡 🔴
2020-21,2020-08-01,14,Montpellier,182,55,40,87,240,312,-72,205,🔴 🟡 🔴 🔴 🔴
2020-21,2020-08-01,15,Toulouse,145,48,39,58,191,201,-10,183,🔴 🟡 🔴 🟡 🟢
2020-21,2020-08-01,16,Angers,187,47,41,99,184,300,-116,182,🔴 🟢 🔴 🟡 🟢
2020-21,2020-08-01,17,Metz,144,29,37,78,146,251,-105,124,🔴 🟡 🔴 🔴 🟡
2020-21,2020-08-01,18,Clermont,110,31,27,52,109,178,-69,120,🔴 🟢 🔴 🔴 🔴
2020-21,2020-08-01,19,Auxerre,111,29,30,52,124,170,-46,117,🔴 🔴 🔴 🟢 🟢
2020-21,2020-08-01,20,St Etienne,110,27,27,56,123,208,-85,108,🟢 🔴 🔴 🟢 🔴
2020-21,2020-08-01,21,Le Havre,107,24,31,52,110,167,-57,103,🔴 🟡 🔴 🟡 🔴
2020-21,2020-08-01,22,Bordeaux,76,19,19,38,94,147,-53,76,🔴 🔴 🔴 🟡 🟢
2020-21,2020-08-01,23,Troyes,81,14,24,43,86,145,-59,66,🟡 🟢 🔴 🔴 🔴
2020-21,2020-08-01,24,Paris FC,39,14,13,12,55,53,2,55,🟡 🟢 🟢 🟡 🟢
2020-21,2020-08-01,25,Nimes,38,9,8,21,40,71,-31,35,🔴 🟡 🟢 🔴 🔴
2020-21,2020-08-01,26,Ajaccio,38,7,5,26,23,74,-51,26,🟡 🔴 🔴 🔴 🟢
2020-21,2020-08-01,27,Dijon,38,4,9,25,25,73,-48,21,🔴 🔴 🔴 🔴 🟢
2020-21,2020-08-01,28,Le Mans,5,1,3,1,9,9,0,6,🟡 🔴 🟡 🟡 🟢
2021-22,2021-08-01,1,Paris SG,183,127,34,22,434,180,254,415,🟡 🟡 🔴 🟢 🟢
2021-22,2021-08-01,2,Monaco,183,97,38,48,334,238,96,329,🟢 🟢 🟢 🟡 🟢
2021-22,2021-08-01,3,Lens,183,94,41,48,292,197,95,323,🟢 🔴 🔴 🟡 🔴
2021-22,2021-08-01,4,Marseille,183,95,36,52,326,219,107,321,🟢 🔴 🔴 🔴 🔴
2021-22,2021-08-01,5,Lille,183,87,51,45,277,203,74,312,🟢 🟡 🟢 🟢 🔴
2021-22,2021-08-01,6,Lyon,183,89,38,56,308,241,67,305,🟢 🟡 🟢 🟡 🟢
2021-22,2021-08-01,7,Rennes,183,86,32,65,322,234,88,290,🟡 🟢 🟢 🟢 🔴
2021-22,2021-08-01,8,Nice,183,75,52,56,246,209,37,277,🟡 🔴 🟡 🔴 🟢
2021-22,2021-08-01,9,Strasbourg,183,69,52,62,273,253,20,259,🔴 🟢 🟢 🟡 🔴
2021-22,2021-08-01,10,Brest,183,67,46,70,248,267,-19,247,🟡 🟡 🟢 🔴 🔴
2021-22,2021-08-01,11,Nantes,178,44,52,82,190,262,-72,184,🔴 🔴 🟢 🔴 🟡
2021-22,2021-08-01,12,Toulouse,145,48,39,58,191,201,-10,183,🔴 🟡 🔴 🟡 🟢
2021-22,2021-08-01,13,Reims,144,44,45,55,163,183,-20,177,🟢 🟡 🔴 🔴 🔴
2021-22,2021-08-01,14,Lorient,149,42,44,63,183,239,-56,170,🟡 🔴 🟢 🟡 🔴
2021-22,2021-08-01,15,Montpellier,144,41,28,75,180,250,-70,151,🔴 🟡 🔴 🔴 🔴
2021-22,2021-08-01,16,Angers,149,35,33,81,144,242,-98,138,🔴 🟢 🔴 🟡 🟢
2021-22,2021-08-01,17,Clermont,110,31,27,52,109,178,-69,120,🔴 🟢 🔴 🔴 🔴
2021-22,2021-08-01,18,Auxerre,111,29,30,52,124,170,-46,117,🔴 🔴 🔴 🟢 🟢
2021-22,2021-08-01,19,Le Havre,107,24,31,52,110,167,-57,103,🔴 🟡 🔴 🟡 🔴
2021-22,2021-08-01,20,Metz,106,17,26,63,102,203,-101,77,🔴 🟡 🔴 🔴 🟡
2021-22,2021-08-01,21,Troyes,81,14,24,43,86,145,-59,66,🟡 🟢 🔴 🔴 🔴
2021-22,2021-08-01,22,St Etienne,72,15,17,40,81,154,-73,62,🟢 🔴 🔴 🟢 🔴
2021-22,2021-08-01,23,Paris FC,39,14,13,12,55,53,2,55,🟡 🟢 🟢 🟡 🟢
2021-22,2021-08-01,24,Bordeaux,38,6,13,19,52,91,-39,31,🔴 🔴 🔴 🟡 🟢
2021-22,2021-08-01,25,Ajaccio,38,7,5,26,23,74,-51,26,🟡 🔴 🔴 🔴 🟢
2021-22,2021-08-01,26,Le Mans,5,1,3,1,9,9,0,6,🟡 🔴 🟡 🟡 🟢
2022-23,2022-08-01,1,Paris SG,145,101,26,18,344,144,200,329,🟡 🟡 🔴 🟢 🟢
2022-23,2022-08-01,2,Lens,145,77,30,38,230,149,81,261,🟢 🔴 🔴 🟡 🔴
2022-23,2022-08-01,3,Monaco,145,77,29,39,269,198,71,260,🟢 🟢 🟢 🟡 🟢
2022-23,2022-08-01,4,Lille,145,73,38,34,229,155,74,257,🟢 🟡 🟢 🟢 🔴
2022-23,2022-08-01,5,Marseille,145,74,28,43,263,181,82,250,🟢 🔴 🔴 🔴 🔴
2022-23,2022-08-01,6,Lyon,145,72,27,46,242,190,52,243,🟢 🟡 🟢 🟡 🟢
2022-23,2022-08-01,7,Rennes,145,66,26,53,240,194,46,224,🟡 🟢 🟢 🟢 🔴
2022-23,2022-08-01,8,Nice,145,55,45,45,194,173,21,210,🟡 🔴 🟡 🔴 🟢
2022-23,2022-08-01,9,Brest,145,54,37,54,199,210,-11,199,🟡 🟡 🟢 🔴 🔴
2022-23,2022-08-01,10,Strasbourg,145,52,40,53,213,210,3,196,🔴 🟢 🟢 🟡 🔴
2022-23,2022-08-01,11,Toulouse,145,48,39,58,191,201,-10,183,🔴 🟡 🔴 🟡 🟢
2022-23,2022-08-01,12,Lorient,111,34,32,45,148,176,-28,134,🟡 🔴 🟢 🟡 🔴
2022-23,2022-08-01,13,Reims,106,33,32,41,120,139,-19,131,🟢 🟡 🔴 🔴 🔴
2022-23,2022-08-01,14,Nantes,140,29,42,69,135,214,-79,129,🔴 🔴 🟢 🔴 🟡
2022-23,2022-08-01,15,Auxerre,111,29,30,52,124,170,-46,117,🔴 🔴 🔴 🟢 🟢
2022-23,2022-08-01,16,Montpellier,106,29,21,56,131,189,-58,108,🔴 🟡 🔴 🔴 🔴
2022-23,2022-08-01,17,Le Havre,107,24,31,52,110,167,-57,103,🔴 🟡 🔴 🟡 🔴
2022-23,2022-08-01,18,Angers,111,25,22,64,100,187,-87,97,🔴 🟢 🔴 🟡 🟢
2022-23,2022-08-01,19,Clermont,72,22,18,32,71,109,-38,84,🔴 🟢 🔴 🔴 🔴
2022-23,2022-08-01,20,Paris FC,39,14,13,12,55,53,2,55,🟡 🟢 🟢 🟡 🟢
2022-23,2022-08-01,21,Metz,68,11,13,44,67,134,-67,46,🔴 🟡 🔴 🔴 🟡
2022-23,2022-08-01,22,St Etienne,34,8,6,20,39,77,-38,30,🟢 🔴 🔴 🟢 🔴
2022-23,2022-08-01,23,Troyes,43,5,13,25,49,92,-43,28,🟡 🟢 🔴 🔴 🔴
2022-23,2022-08-01,24,Ajaccio,38,7,5,26,23,74,-51,26,🟡 🔴 🔴 🔴 🟢
2022-23,2022-08-01,25,Le Mans,5,1,3,1,9,9,0,6,🟡 🔴 🟡 🟡 🟢
2023-24,2023-08-01,1,Paris SG,107,74,22,11,255,104,151,244,🟡 🟡 🔴 🟢 🟢
2023-24,2023-08-01,2,Monaco,107,58,21,28,199,140,59,195,🟢 🟢 🟢 🟡 🟢
2023-24,2023-08-01,3,Lille,107,54,28,25,164,111,53,190,🟢 🟡 🟢 🟢 🔴
2023-24,2023-08-01,4,Lyon,107,54,19,34,177,143,34,181,🟢 🟡 🟢 🟡 🟢
2023-24,2023-08-01,5,Marseille,107,52,21,34,196,141,55,177,🟢 🔴 🔴 🔴 🔴
2023-24,2023-08-01,6,Lens,107,52,21,34,162,120,42,177,🟢 🔴 🔴 🟡 🔴
2023-24,2023-08-01,7,Rennes,107,45,21,41,171,155,16,156,🟡 🟢 🟢 🟢 🔴
2023-24,2023-08-01,8,Strasbourg,107,43,27,37,162,151,11,156,🔴 🟢 🟢 🟡 🔴
2023-24,2023-08-01,9,Brest,107,43,26,38,155,156,-1,155,🟡 🟡 🟢 🔴 🔴
2023-24,2023-08-01,10,Nice,107,40,32,35,146,136,10,152,🟡 🔴 🟡 🔴 🟢
2023-24,2023-08-01,11,Toulouse,107,35,30,42,140,144,-4,135,🔴 🟡 🔴 🟡 🟢
2023-24,2023-08-01,12,Le Havre,107,24,31,52,110,167,-57,103,🔴 🟡 🔴 🟡 🔴
2023-24,2023-08-01,13,Nantes,102,22,27,53,98,159,-61,93,🔴 🔴 🟢 🔴 🟡
2023-24,2023-08-01,14,Auxerre,73,21,19,33,89,107,-18,82,🔴 🔴 🔴 🟢 🟢
2023-24,2023-08-01,15,Reims,68,21,17,30,75,94,-19,80,🟢 🟡 🔴 🔴 🔴
2023-24,2023-08-01,16,Lorient,73,19,22,32,96,123,-27,79,🟡 🔴 🟢 🟡 🔴
2023-24,2023-08-01,17,Angers,73,21,16,36,67,106,-39,79,🔴 🟢 🔴 🟡 🟢
2023-24,2023-08-01,18,Montpellier,68,14,16,38,66,127,-61,58,🔴 🟡 🔴 🔴 🔴
2023-24,2023-08-01,19,Paris FC,39,14,13,12,55,53,2,55,🟡 🟢 🟢 🟡 🟢
2023-24,2023-08-01,20,Metz,68,11,13,44,67,134,-67,46,🔴 🟡 🔴 🔴 🟡
2023-24,2023-08-01,21,St Etienne,34,8,6,20,39,77,-38,30,🟢 🔴 🔴 🟢 🔴
2023-24,2023-08-01,22,Clermont,34,5,10,19,26,60,-34,25,🔴 🟢 🔴 🔴 🔴
2023-24,2023-08-01,23,Le Mans,5,1,3,1,9,9,0,6,🟡 🔴 🟡 🟡 🟢
2023-24,2023-08-01,24,Troyes,5,1,1,3,4,11,-7,4,🟡 🟢 🔴 🔴 🔴
2024-25,2024-08-01,1,Paris SG,73,52,12,9,174,71,103,168,🟡 🟡 🔴 🟢 🟢
2024-25,2024-08-01,2,Lille,73,38,17,18,112,77,35,131,🟢 🟡 🟢 🟢 🔴
2024-25,2024-08-01,3,Lyon,73,38,14,21,128,88,40,128,🟢 🟡 🟢 🟡 🟢
2024-25,2024-08-01,4,Monaco,73,38,14,21,131,98,33,128,🟢 🟢 🟢 🟡 🟢
2024-25,2024-08-01,5,Marseille,73,39,10,24,144,100,44,127,🟢 🔴 🔴 🔴 🔴
2024-25,2024-08-01,6,Lens,73,38,12,23,117,83,34,126,🟢 🔴 🔴 🟡 🔴
2024-25,2024-08-01,7,Strasbourg,73,33,18,22,124,101,23,117,🔴 🟢 🟢 🟡 🔴
2024-25,2024-08-01,8,Rennes,73,33,11,29,118,109,9,110,🟡 🟢 🟢 🟢 🔴
2024-25,2024-08-01,9,Nice,73,25,22,26,106,107,-1,97,🟡 🔴 🟡 🔴 🟢
2024-25,2024-08-01,10,Brest,73,26,16,31,102,122,-20,94,🟡 🟡 🟢 🔴 🔴
2024-25,2024-08-01,11,Toulouse,73,24,20,29,98,98,0,92,🔴 🟡 🔴 🟡 🟢
2024-25,2024-08-01,12,Auxerre,73,21,19,33,89,107,-18,82,🔴 🔴 🔴 🟢 🟢
2024-25,2024-08-01,13,Angers,73,21,16,36,67,106,-39,79,🔴 🟢 🔴 🟡 🟢
2024-25,2024-08-01,14,Le Havre,73,17,20,36,76,122,-46,71,🔴 🟡 🔴 🟡 🔴
2024-25,2024-08-01,15,Nantes,68,13,21,34,68,104,-36,60,🔴 🔴 🟢 🔴 🟡
2024-25,2024-08-01,16,Paris FC,39,14,13,12,55,53,2,55,🟡 🟢 🟢 🟡 🟢
2024-25,2024-08-01,17,Lorient,39,12,14,13,53,57,-4,50,🟡 🔴 🟢 🟡 🔴
2024-25,2024-08-01,18,Reims,34,8,9,17,33,47,-14,33,🟢 🟡 🔴 🔴 🔴
2024-25,2024-08-01,19,St Etienne,34,8,6,20,39,77,-38,30,🟢 🔴 🔴 🟢 🔴
2024-25,2024-08-01,20,Metz,34,3,8,23,32,76,-44,17,🔴 🟡 🔴 🔴 🟡
2024-25,2024-08-01,21,Montpellier,34,4,4,26,23,79,-56,16,🔴 🟡 🔴 🔴 🔴
2024-25,2024-08-01,22,Le Mans,5,1,3,1,9,9,0,6,🟡 🔴 🟡 🟡 🟢
2024-25,2024-08-01,23,Troyes,5,1,1,3,4,11,-7,4,🟡 🟢 🔴 🔴 🔴
2025-26,2025-08-01,1,Paris SG,39,26,6,7,82,36,46,84,🟡 🟡 🔴 🟢 🟢
2025-26,2025-08-01,2,Lens,39,23,5,11,75,44,31,74,🟢 🔴 🔴 🟡 🔴
2025-26,2025-08-01,3,Lyon,39,21,8,10,63,42,21,71,🟢 🟡 🟢 🟡 🟢
2025-26,2025-08-01,4,Lille,39,21,8,10,60,41,19,71,🟢 🟡 🟢 🟢 🔴
2025-26,2025-08-01,5,Rennes,39,20,9,10,67,59,8,69,🟡 🟢 🟢 🟢 🔴
2025-26,2025-08-01,6,Monaco,39,20,7,12,68,57,11,67,🟢 🟢 🟢 🟡 🟢
2025-26,2025-08-01,7,Marseille,39,19,5,15,70,53,17,62,🟢 🔴 🔴 🔴 🔴
2025-26,2025-08-01,8,Strasbourg,39,17,9,13,68,57,11,60,🔴 🟢 🟢 🟡 🔴
2025-26,2025-08-01,9,Paris FC,39,14,13,12,55,53,2,55,🟡 🟢 🟢 🟡 🟢
2025-26,2025-08-01,10,Toulouse,39,13,11,15,54,55,-1,50,🔴 🟡 🔴 🟡 🟢
2025-26,2025-08-01,11,Lorient,39,12,14,13,53,57,-4,50,🟡 🔴 🟢 🟡 🔴
2025-26,2025-08-01,12,Brest,39,11,11,17,50,63,-13,44,🟡 🟡 🟢 🔴 🔴
2025-26,2025-08-01,13,Angers,39,11,10,18,35,53,-18,43,🔴 🟢 🔴 🟡 🟢
2025-26,2025-08-01,14,Auxerre,39,10,10,19,41,56,-15,40,🔴 🔴 🔴 🟢 🟢
2025-26,2025-08-01,15,Le Havre,39,7,16,16,36,51,-15,37,🔴 🟡 🔴 🟡 🔴
2025-26,2025-08-01,16,Nice,39,8,13,18,40,66,-26,37,🟡 🔴 🟡 🔴 🟢
2025-26,2025-08-01,17,Nantes,34,5,9,20,29,52,-23,24,🔴 🔴 🟢 🔴 🟡
2025-26,2025-08-01,18,Metz,34,3,8,23,32,76,-44,17,🔴 🟡 🔴 🔴 🟡
2025-26,2025-08-01,19,Le Mans,5,1,3,1,9,9,0,6,🟡 🔴 🟡 🟡 🟢
2025-26,2025-08-01,20,Troyes,5,1,1,3,4,11,-7,4,🟡 🟢 🔴 🔴 🔴
2026-27,2026-08-01,1,Monaco,5,4,1,0,8,3,5,13,🟢 🟢 🟢 🟡 🟢
2026-27,2026-08-01,2,Lyon,5,3,2,0,10,2,8,11,🟢 🟡 🟢 🟡 🟢
2026-27,2026-08-01,3,Paris FC,5,3,2,0,8,3,5,11,🟡 🟢 🟢 🟡 🟢
2026-27,2026-08-01,4,Lille,5,3,1,1,8,4,4,10,🟢 🟡 🟢 🟢 🔴
2026-27,2026-08-01,5,Rennes,5,3,1,1,8,9,-1,10,🟡 🟢 🟢 🟢 🔴
2026-27,2026-08-01,6,Paris SG,5,2,2,1,8,7,1,8,🟡 🟡 🔴 🟢 🟢
2026-27,2026-08-01,7,Angers,5,2,1,2,6,5,1,7,🔴 🟢 🔴 🟡 🟢
2026-27,2026-08-01,8,Strasbourg,5,2,1,2,10,10,0,7,🔴 🟢 🟢 🟡 🔴
2026-27,2026-08-01,9,Le Mans,5,1,3,1,9,9,0,6,🟡 🔴 🟡 🟡 🟢
2026-27,2026-08-01,10,Auxerre,5,2,0,3,7,12,-5,6,🔴 🔴 🔴 🟢 🟢
2026-27,2026-08-01,11,Brest,5,1,2,2,7,8,-1,5,🟡 🟡 🟢 🔴 🔴
2026-27,2026-08-01,12,Lorient,5,1,2,2,5,6,-1,5,🟡 🔴 🟢 🟡 🔴
2026-27,2026-08-01,13,Toulouse,5,1,2,2,7,9,-2,5,🔴 🟡 🔴 🟡 🟢
2026-27,2026-08-01,14,Nice,5,1,2,2,3,6,-3,5,🟡 🔴 🟡 🔴 🟢
2026-27,2026-08-01,15,Lens,5,1,1,3,9,9,0,4,🟢 🔴 🔴 🟡 🔴
2026-27,2026-08-01,16,Troyes,5,1,1,3,4,11,-7,4,🟡 🟢 🔴 🔴 🔴
2026-27,2026-08-01,17,Marseille,5,1,0,4,7,8,-1,3,🟢 🔴 🔴 🔴 🔴
2026-27,2026-08-01,18,Le Havre,5,0,2,3,4,7,-3,2,🔴 🟡 🔴 🟡 🔴
