#,Team,Form,Pts (L5)
1,Monaco,WWWDW,13
2,Lyon,WDWDW,11
3,Paris FC,DWWDW,11
4,Lille,WDWWL,10
5,Rennes,DWWWL,10
6,Paris SG,DDLWW,8
7,Strasbourg,LWWDL,7
8,Caen,WDWLL,7
9,Angers,LWLDW,7
10,Bastia,LWLWL,6
11,Auxerre,LLLWW,6
12,Le Mans,DLDDW,6
13,St Etienne,WLLWL,6
14,Toulouse,LDLDW,5
15,Nice,DLDLW,5
16,Brest,DDWLL,5
17,Lorient,DLWDL,5
18,Ajaccio,DLLLW,4
19,Troyes,DWLLL,4
20,Nantes,LLWLD,4
21,Reims,WDLLL,4
22,Nancy,DLLLW,4
23,Lens,WLLDL,4
24,Bordeaux,LLLDW,4
25,Nimes,LDWLL,4
26,Ajaccio GFCO,LWLLL,3
27,Amiens,LDDLD,3
28,Guingamp,LDDDL,3
29,Dijon,LLLLW,3
30,Clermont,LWLLL,3
31,Marseille,WLLLL,3
32,Le Havre,LDLDL,2
33,Metz,LDLLD,2
34,Montpellier,LDLLL,1
