Team,HomeAttack,HomeDefense,AwayAttack,AwayDefense
Lille,1.0571,0.7898,1.014,0.7835
Caen,0.6378,1.1592,0.6343,1.0222
Strasbourg,1.0311,1.048,1.0504,1.0388
Paris FC,1.0956,1.1636,0.9624,0.8737
Troyes,0.5959,1.2041,0.7996,1.4625
Metz,0.7122,1.3673,0.7574,1.2316
Nimes,0.8811,1.1828,0.911,1.2642
St Etienne,0.9067,1.1005,0.8197,1.0578
Nice,0.9993,0.8764,0.9898,0.8375
Dijon,0.7968,1.1451,0.7018,1.3059
Clermont,0.6761,1.3298,0.8009,1.0865
Montpellier,0.9465,1.1388,0.9322,1.0492
Bastia,0.6989,0.678,0.5468,1.1882
Toulouse,0.8484,1.0928,0.8209,1.0306
Le Havre,0.664,1.2467,0.8782,1.0774
Angers,0.7609,1.0692,0.7581,1.0325
Reims,0.7708,0.9183,0.8602,0.9055
Lens,1.1469,0.8689,1.1756,0.8136
Le Mans,1.328,1.3852,1.2467,1.328
Nantes,0.7646,1.0326,0.8143,0.9692
Auxerre,0.7589,0.9795,0.9067,1.2556
Marseille,1.2421,0.8973,1.2051,0.8632
Lyon,1.328,0.9267,1.3852,0.8886
Rennes,1.1166,0.8518,1.1096,0.9429
Ajaccio,0.3495,1.3123,0.5687,1.5377
Bordeaux,0.8784,0.9751,1.0051,1.1427
Amiens,0.8045,1.0229,0.5754,1.0215
Monaco,1.3645,0.9309,1.3645,0.9349
Nancy,0.7339,1.0061,0.35,1.0135
Lorient,0.9529,1.1484,0.8563,1.2777
Brest,1.0228,1.0724,0.9375,1.1155
Paris SG,1.8185,0.6599,1.8525,0.6078
Guingamp,0.9174,1.0061,0.6999,1.2581
Ajaccio GFCO,0.8038,1.3998,0.6124,0.9086
